language,dsp,bench_case,mode,precision,opt,samp_rate,buff_size,inputs,outputs,warmup_iters,run_iters,batches,elapsed_s,ns_per_compute,fast_ns_per_compute,slow_ns_per_compute,spread_ns_per_compute,spread_percent,ns_per_frame,ns_per_out_samp,frames_per_s,fast_frames_per_s,slow_frames_per_s,out_samp_per_s,fast_out_samp_per_s,slow_out_samp_per_s,checksum
cpp,HPF,run,scalar,double,O3,48000,64,1,1,50,560000,562,0.100374664,179.24047142857142,178.4083,180.8958,2.4875000000000114,1.38780041146639,2.8006323660714285,2.8006323660714285,357062216.4174816,358727704.9330104,353794836.58548176,357062216.4174816,358727704.9330104,353794836.58548176,3.477907739579677e-09
cpp,HPF,run,scalar,single,O3,48000,64,1,1,50,360000,362,0.1005402919999999,279.27858888888886,278.4917,281.775,3.283299999999997,1.175636132029534,4.3637279513888885,4.3637279513888885,229161856.82054716,229809362.3616072,227131576.6125455,229161856.82054716,229809362.3616072,227131576.6125455,-1.2699456419795754e-07
cpp,HPF,run,vec,double,O3,48000,64,1,1,50,660000,663,0.100194082,151.80921515151516,150.7792,153.7792,3.0,1.9761646201818583,2.3720189867424244,2.3720189867424244,421581785.6387965,424461729.4693167,416181122.024305,421581785.6387965,424461729.4693167,416181122.024305,3.477907739579677e-09
cpp,HPF,run,vec,single,O3,48000,64,1,1,50,670000,676,0.099705206,148.81374029850747,147.4,150.475,3.0749999999999886,2.066341450615921,2.325214692164179,2.325214692164179,430067814.11193305,434192672.9986432,425319820.5682007,430067814.11193305,434192672.9986432,425319820.5682007,-1.2699456419795754e-07
mojo,HPF,run,scalar,double,O3,48000,64,1,1,50,690000,693,0.1000169999988429,144.95217391136654,144.30000010179356,146.49999993707752,2.199999835283961,1.517741870245553,2.2648777173651022,2.2648777173651022,441524940.7651786,443520443.20757085,436860068.4470192,441524940.7651786,443520443.20757085,436860068.4470192,3.477907739579677e-09
mojo,HPF,run,scalar,single,O3,48000,64,1,1,50,690000,691,0.100470999997924,145.61014492452767,144.79999990726355,147.9000000472297,3.1000001399661414,2.1289726355075924,2.275158514445745,2.275158514445745,439529814.582441,441988950.5593128,432724813.9253721,439529814.582441,441988950.5593128,432724813.9253721,6.553163984790444e-07
mojo,HPF,run,vec,double,O3,48000,64,1,1,50,450000,453,0.0752720000018598,167.2711111152441,163.40000001946464,169.5000000836444,6.100000064179767,3.6467744032483136,2.6136111111756892,2.6136111111756892,382612392.3808109,391676866.5384097,377581120.7576251,382612392.3808109,391676866.5384097,377581120.7576251,3.477907739579677e-09
mojo,HPF,run,vec,single,O3,48000,64,1,1,50,440000,445,0.0706239999999525,160.50909090898296,155.2000001538545,163.69999993912643,8.499999785271939,5.295650070120877,2.5079545454528587,2.5079545454528587,398731309.4701368,412371133.6118225,390959071.6175875,398731309.4701368,412371133.6118225,390959071.6175875,6.553163984790444e-07
cpp,LPF,run,scalar,double,O3,48000,64,1,1,50,560000,563,0.1002272879999999,178.9773,178.6208,180.3084,1.687600000000003,0.942912872191056,2.7965203125,2.7965203125,357587247.09781635,358300936.9569501,354947412.32244307,357587247.09781635,358300936.9569501,354947412.32244307,2.08000000519678
cpp,LPF,run,scalar,single,O3,48000,64,1,1,50,360000,363,0.100554249,279.31735833333335,278.7417,280.7709,2.029200000000003,0.726485461593971,4.3643337239583335,4.3643337239583335,229130048.994747,229603249.17297983,227943850.30642423,229130048.994747,229603249.17297983,227943850.30642423,2.0799921094439924
cpp,LPF,run,vec,double,O3,48000,64,1,1,50,670000,673,0.1002548719999999,149.63413731343283,149.1,152.1291,3.0290999999999997,2.024337530449393,2.338033395522388,2.338033395522388,427709887.25615245,429242119.3829645,420695317.3324499,427709887.25615245,429242119.3829645,420695317.3324499,2.08000000519678
cpp,LPF,run,vec,single,O3,48000,64,1,1,50,680000,681,0.100476418,147.7594382352941,147.1041,149.0125,1.9084000000000003,1.2915587814844278,2.3087412224264705,2.3087412224264705,433136459.9402816,435066051.86395216,429494169.9521853,433136459.9402816,435066051.86395216,429494169.9521853,2.0799921094439924
mojo,LPF,run,scalar,double,O3,48000,64,1,1,50,690000,696,0.0997200000001612,144.5217391306684,144.00000000023283,145.99999994970858,1.9999999494757503,1.3838748146169644,2.258152173916694,2.258152173916694,442839951.8645066,444444444.4437258,438356164.5345586,442839951.8645066,444444444.4437258,438356164.5345586,2.08000000519678
mojo,LPF,run,scalar,single,O3,48000,64,1,1,50,690000,691,0.10059000000183,145.78260869830444,145.10000000882428,147.80000001337612,2.700000004551839,1.852072773741798,2.277853260911007,2.277853260911007,439009841.9246107,441075120.5796542,433017591.30045944,439009841.9246107,441075120.5796542,433017591.30045944,2.0799921094439924
mojo,LPF,run,vec,double,O3,48000,64,1,1,50,530000,530,0.1036889999995764,195.63962264071031,164.6999999138643,288.10000003431924,123.40000012045492,63.075157503793314,3.056869103761099,3.056869103761099,327132096.9450814,388585306.821318,222145088.4844712,327132096.9450814,388585306.821318,222145088.4844712,2.08000000519678
mojo,LPF,run,vec,single,O3,48000,64,1,1,50,500000,502,0.1057819999987259,211.56399999745193,160.59999998105923,285.500000063621,124.90000008256176,59.036509086643306,3.3056874999601864,3.3056874999601864,302508933.47058487,398505604.0320549,224168126.0446172,302508933.47058487,398505604.0320549,224168126.0446172,2.0799921094439924
cpp,bandfilter,run,scalar,double,O3,48000,64,1,1,50,510000,513,0.1002801659999999,196.62777647058823,194.2958,199.1,4.804200000000009,2.443296713330136,3.072309007352941,3.072309007352941,325488093.0292836,329394665.2475246,321446509.29181314,325488093.0292836,329394665.2475246,321446509.29181314,2.0800000071758404
cpp,bandfilter,run,scalar,single,O3,48000,64,1,1,50,330000,336,0.098533831,298.58736666666664,295.6166,301.5417,5.925099999999986,1.9843773251848855,4.665427604166666,4.665427604166666,214342625.12334463,216496637.874869,212242618.51677564,214342625.12334463,216496637.874869,212242618.51677564,2.079995501204394
cpp,bandfilter,run,vec,double,O3,48000,64,1,1,50,610000,619,0.098484748,161.45040655737705,156.6083,164.0125,7.404199999999975,4.58605224841514,2.5226626024590164,2.5226626024590164,396406558.30281454,408662886.9606528,390214160.50605893,396406558.30281454,408662886.9606528,390214160.50605893,2.0800000071758404
cpp,bandfilter,run,vec,single,O3,48000,64,1,1,50,620000,621,0.100371498,161.8895129032258,161.1334,163.7042,2.5707999999999913,1.5879966243006505,2.5295236391129032,2.5295236391129032,395331351.9341915,397186430.62208086,390949041.0142196,395331351.9341915,397186430.62208086,390949041.0142196,2.079995501204394
mojo,bandfilter,run,scalar,double,O3,48000,64,1,1,50,630000,638,0.0987780000014026,156.79047619270276,149.09999990777578,160.2000000275439,11.100000119768085,7.07951170843162,2.4498511905109805,2.4498511905109805,408188058.0638142,429242119.6484676,399500624.1510375,408188058.0638142,429242119.6484676,399500624.1510375,2.0800000071758404
mojo,bandfilter,run,scalar,single,O3,48000,64,1,1,50,700000,707,0.0995880000009492,142.26857142992753,137.4999999825377,146.29999986937037,8.799999886832666,6.185484115279099,2.2229464285926177,2.2229464285926177,449853395.98719704,465454545.5136575,437457279.9531434,449853395.98719704,465454545.5136575,437457279.9531434,2.0799977355636656
mojo,bandfilter,run,vec,double,O3,48000,64,1,1,50,610000,618,0.0994689999988622,163.06393442436445,162.29999982897425,164.9000001634704,2.600000334496144,1.5944668228903356,2.5478739753806945,2.5478739753806945,392484090.525154,394331485.3200298,388114008.1052447,392484090.525154,394331485.3200298,388114008.1052447,2.0800000071758404
mojo,bandfilter,run,vec,single,O3,48000,64,1,1,50,630000,633,0.1002020000014454,159.05079365308796,158.29999993002275,161.80000002350425,3.500000093481503,2.200554937887008,2.485168650829499,2.485168650829499,402387177.89483625,404295641.3663392,395550061.74723667,402387177.89483625,404295641.3663392,395550061.74723667,2.079995501204394
cpp,bells,run,scalar,double,O3,48000,64,0,1,50,143050,1000,1.4768576619999998,10324.06614470465,10286.114887831409,10375.491325468423,89.37643763701817,0.865709657263873,161.31353351101015,161.31353351101015,6199107.90021686,6221979.892108024,6168382.5847264705,6199107.90021686,6221979.892108024,6168382.5847264705,0.0
cpp,bells,run,scalar,single,O3,48000,64,0,1,50,140350,1000,1.5410797529999998,10980.261866761668,10921.302695231514,11029.636619718312,108.3339244867966,0.98662423356891,171.56659166815106,171.56659166815106,5828640.58950491,5860106.782677476,5802548.37095753,5828640.58950491,5860106.782677476,5802548.37095753,0.0
cpp,bells,run,vec,double,O3,48000,64,0,1,50,130750,1000,1.806149211,13813.760695984703,13640.237020316026,13948.618556701033,308.38153638500444,2.232422749835552,215.840010874761,215.840010874761,4633061.2936275285,4692000.579218469,4588267.9879617095,4633061.2936275285,4692000.579218469,4588267.9879617095,0.0
cpp,bells,run,vec,single,O3,48000,64,0,1,50,136750,1000,1.6113224570000004,11782.979575868372,11616.29583637692,11864.537845705969,248.24200932904932,2.106784686595322,184.10905587294332,184.10905587294332,5431563.348465141,5509501.557250402,5394226.124295518,5431563.348465141,5509501.557250402,5394226.124295518,0.0
mojo,bells,run,scalar,double,O3,48000,64,0,1,50,138150,1000,1.6029300000009243,11602.823018464893,11407.875185397335,12089.285714215035,681.4105288176979,5.872799470726149,181.29410966351392,181.29410966351392,5515899.0099348705,5610159.557313817,5293943.8700457215,5515899.0099348705,5610159.557313817,5293943.8700457215,0.0
mojo,bells,run,scalar,single,O3,48000,64,0,1,50,142950,1000,1.5533940000004804,10866.694648481847,10654.854712979592,10926.3233201472,271.46860716760966,2.4981709337487983,169.79210388252886,169.79210388252886,5889555.386461626,6006651.589724271,5857414.074685993,5889555.386461626,6006651.589724271,5857414.074685993,0.0
mojo,bells,run,vec,double,O3,48000,64,0,1,50,125550,1000,2.1614339999978256,17215.722819576473,16696.708462689894,17496.271748607902,799.5632859180078,4.644378248288258,268.9956690558824,268.9956690558824,3717531.9718335527,3833090.824039542,3657922.1516202264,3717531.9718335527,3833090.824039542,3657922.1516202264,0.0
mojo,bells,run,vec,single,O3,48000,64,0,1,50,125150,1000,2.053921000000628,16411.67399121556,16057.877814635567,16631.20567360658,573.3278589710098,3.493414866014806,256.43240611274314,256.43240611274314,3899663.132125117,3985582.6989584346,3848187.633297497,3899663.132125117,3985582.6989584346,3848187.633297497,0.0
cpp,carre_volterra,carre_volterra,scalar,double,O3,48000,64,0,1,50,340000,348,0.098847334,290.72745294117647,289.2042,292.9708,3.766599999999982,1.2955776834608348,4.542616452205882,4.542616452205882,220137449.53404608,221296924.45683703,218451804.7532382,220137449.53404608,221296924.45683703,218451804.7532382,-2.3675784994265996
cpp,carre_volterra,run,scalar,double,O3,48000,64,0,1,50,320000,320,0.101295623,316.548821875,297.6542,322.2791,24.624900000000025,7.77917916552032,4.946075341796875,4.946075341796875,202180502.90287465,215014604.1950693,198585635.86655167,202180502.90287465,215014604.1950693,198585635.86655167,-16.64695674444374
cpp,carre_volterra,run,scalar,single,O3,48000,64,0,1,50,200000,202,0.101576085,507.880425,506.45,510.9125,4.462500000000034,0.8786517023175354,7.935631640625,7.935631640625,126013913.6096848,126369829.20327772,125266068.06449243,126013913.6096848,126369829.20327772,125266068.06449243,1.2923733323113993
cpp,carre_volterra,run,vec,double,O3,48000,64,0,1,50,154831,197,0.0996026669999999,643.2992553170876,619.5515210991168,652.4965635738831,32.945042474766296,5.121262336690784,10.051550864329494,10.051550864329494,99487135.21897964,103300529.20612743,98084807.75662076,99487135.21897964,103300529.20612743,98084807.75662076,-11.222382485400884
cpp,carre_volterra,run,vec,single,O3,48000,64,0,1,50,171057,199,0.1006678739999999,588.5048492607727,580.1349700066652,593.8680817959547,13.733111789289524,2.3335596650630546,9.195388269699574,9.195388269699574,108750165.91688427,110319155.55661936,107768041.35769255,108750165.91688427,110319155.55661936,107768041.35769255,-2.029539472423494
mojo,carre_volterra,run,scalar,double,O3,48000,64,0,1,50,185212,199,0.0998440000003029,539.0795412840578,536.9134408385643,541.4189052244958,4.505464385931532,0.8357698708431345,8.423117832563403,8.423117832563403,118720884.57958452,119199846.99962673,118207915.13266943,118720884.57958452,119199846.99962673,118207915.13266943,10.2228713510558
mojo,carre_volterra,run,scalar,single,O3,48000,64,0,1,50,191250,201,0.1022009999996953,534.3843137238972,513.89469294631,537.9866052364443,24.09191229013436,4.5083494540189735,8.349754901935894,8.349754901935894,119763994.48182002,124539133.9479867,118962069.64460032,119763994.48182002,124539133.9479867,118962069.64460032,15.061083855573088
mojo,carre_volterra,run,vec,double,O3,48000,64,0,1,50,99773,193,0.0998700000000099,1000.9722069097842,994.8071214271848,1008.7263275652572,13.91920613807224,1.3905686933150536,15.640190732965378,15.640190732965378,63937839.1909419,64334079.06065588,63446346.398507856,63937839.1909419,64334079.06065588,63446346.398507856,-16.646956631004286
mojo,carre_volterra,run,vec,single,O3,48000,64,0,1,50,100029,192,0.094532999999501,945.0559337742156,938.4102471970128,954.7606524094203,16.350405212407622,1.7300992066268446,14.76649896522212,14.76649896522212,67720859.38279532,68200448.78150572,67032506.87854648,67720859.38279532,68200448.78150572,67032506.87854648,10.797869107918814
cpp,comb_delay1,run,scalar,double,O3,48000,64,0,1,50,370000,371,0.100372999,271.27837567567565,269.2333,272.925,3.6917000000000257,1.3608530317999263,4.238724619932432,4.238724619932432,235920020.68205613,237712051.22100425,234496656.5906385,235920020.68205613,237712051.22100425,234496656.5906385,-32.65051428647712
cpp,comb_delay1,run,scalar,single,O3,48000,64,0,1,50,340000,340,0.102300083,300.88259705882354,296.9334,306.6125,9.679100000000004,3.216902570841513,4.701290579044118,4.701290579044118,212707549.8071688,215536547.92623532,208732520.68979573,212707549.8071688,215536547.92623532,208732520.68979573,-24.33896773681045
cpp,comb_delay1,run,vec,double,O3,48000,64,0,1,50,480000,481,0.101020206,210.4587625,209.5458,211.5541,2.0082999999999913,0.954248697532844,3.2884181640625,3.2884181640625,304097578.26072925,305422489.97593844,302523089.8384858,304097578.26072925,305422489.97593844,302523089.8384858,19.265490096062425
cpp,comb_delay1,run,vec,single,O3,48000,64,0,1,50,490000,493,0.1003283309999999,204.75169591836735,202.96659999999997,207.44169999999997,4.475099999999998,2.1856229224026453,3.19924524872449,3.19924524872449,312573723.567673,315322816.6604752,308520418.025884,312573723.567673,315322816.6604752,308520418.025884,27.31866423971951
mojo,comb_delay1,run,scalar,double,O3,48000,64,0,1,50,290000,297,0.0996990000003279,343.78965517354465,341.2000000025728,347.30000006675255,6.100000064179767,1.774340784367259,5.371713362086635,5.371713362086635,186160342.63070792,187573270.80749536,184278721.53095,186160342.63070792,187573270.80749536,184278721.53095,13.557637015357614
mojo,comb_delay1,run,scalar,single,O3,48000,64,0,1,50,300000,300,0.1014059999997698,338.01999999923277,336.5000000485452,342.19999997731065,5.699999928765465,1.6862907309562754,5.281562499988012,5.281562499988012,189337908.9998972,190193164.905697,187025131.51444617,189337908.9998972,190193164.905697,187025131.51444617,29.13883813098073
mojo,comb_delay1,run,vec,double,O3,48000,64,0,1,50,240000,248,0.0980629999994562,408.5958333310675,403.6999998788815,412.5000001295121,8.800000250630546,2.153717569483947,6.38430989579793,6.38430989579793,156634000.59232506,158533564.57567835,155151515.10280246,156634000.59232506,158533564.57567835,155151515.10280246,-32.65051428647712
mojo,comb_delay1,run,vec,single,O3,48000,64,0,1,50,260000,267,0.0977939999993395,376.1307692282291,363.9999998995336,380.2999999606982,16.30000006116461,4.333599214605618,5.8770432691910806,5.8770432691910806,170153588.1558416,175824175.87270448,168288193.54881418,170153588.1558416,175824175.87270448,168288193.54881418,8.345079589635134
cpp,comb_delay2,run,scalar,double,O3,48000,64,0,1,50,580000,586,0.100410546,173.12163103448276,165.1042,175.2167,10.112500000000011,5.841268904164715,2.705025484913793,2.705025484913793,369682284.16963285,387633991.14014053,365261987.0137949,369682284.16963285,387633991.14014053,365261987.0137949,18.320416945964094
cpp,comb_delay2,run,scalar,single,O3,48000,64,0,1,50,320000,321,0.102107624,319.086325,316.7,321.2125,4.512499999999989,1.4141941056232945,4.985723828125,4.985723828125,200572682.0163791,202083991.1588254,199245048.06008485,200572682.0163791,202083991.1588254,199245048.06008485,34.40405727177858
cpp,comb_delay2,run,vec,double,O3,48000,64,0,1,50,490000,492,0.100548917,205.20187142857145,203.9292,207.2875,3.358300000000014,1.6365835148677006,3.2062792410714285,3.2062792410714285,311887993.78117615,313834409.1969174,308749924.62160045,311887993.78117615,313834409.1969174,308749924.62160045,13.447375828400254
cpp,comb_delay2,run,vec,single,O3,48000,64,0,1,50,500000,502,0.1013870829999999,202.774166,201.3917,205.52919999999995,4.137499999999989,2.040447302345205,3.16834634375,3.16834634375,315622060.060649,317788667.55680597,311391276.7626206,315622060.060649,317788667.55680597,311391276.7626206,29.818907782435417
mojo,comb_delay2,run,scalar,double,O3,48000,64,0,1,50,580000,586,0.0995259999999689,171.59655172408435,170.19999995682156,173.3000000967877,3.1000001399661414,1.8065631907048647,2.681196120688818,2.681196120688818,372967867.69298065,376028202.2105541,369301788.5992853,372967867.69298065,376028202.2105541,369301788.5992853,18.320416945964094
mojo,comb_delay2,run,scalar,single,O3,48000,64,0,1,50,580000,585,0.099992999997994,172.4017241344725,170.39999984262977,174.10000000381842,3.7000001611886546,2.1461503240551543,2.6937769396011326,2.6937769396011326,371225985.82645446,375586854.8069613,367604824.8052632,371225985.82645446,375586854.8069613,367604824.8052632,31.973202384077013
mojo,comb_delay2,run,vec,double,O3,48000,64,0,1,50,250000,256,0.097911999999269,391.64799999707617,381.2000000834814,397.5999999966007,16.399999913119245,4.187433591705225,6.119499999954315,6.119499999954315,163412043.46882352,167890870.89712548,160965794.76998785,163412043.46882352,167890870.89712548,160965794.76998785,18.320416945964094
mojo,comb_delay2,run,vec,single,O3,48000,64,0,1,50,270000,279,0.0984730000000126,364.7148148148618,353.1999998813262,378.7999999985914,25.600000117265154,7.019182955389498,5.698668981482216,5.698668981482216,175479573.08092344,181200453.06201512,168954593.45363778,175479573.08092344,181200453.06201512,168954593.45363778,15.706193389371036
cpp,cubic_distortion,run,scalar,double,O3,48000,64,0,2,50,140950,1000,1.52524729,10821.193969492728,10492.097738876731,10940.769705277586,448.6719664008542,4.146233471701524,169.08115577332387,84.54057788666194,5914319.637965067,6099828.803810948,5849679.84191531,11828639.275930136,12199657.607621895,11699359.68383062,-1.26259844051674
cpp,cubic_distortion,run,scalar,single,O3,48000,64,0,2,50,143421,990,1.4355428379999997,10009.293185795665,9708.127118644068,10111.581893572908,403.4547749288413,4.0308018502384355,156.39520602805726,78.19760301402863,6394057.883210311,6592414.707579443,6329375.628226823,12788115.76642062,13184829.415158886,12658751.256453646,30.875792533159256
cpp,cubic_distortion,run,vec,double,O3,48000,64,0,2,50,136663,913,1.091657253,7987.950308422909,7605.60579064588,8081.585885486019,475.98009484013886,5.958726287245939,124.81172356910795,62.40586178455398,8012067.868338524,8414845.807379799,7919237.747004541,16024135.736677052,16829691.614759598,15838475.494009083,-6.611492269221344
cpp,cubic_distortion,run,vec,single,O3,48000,64,0,2,50,135371,891,0.986975542,7290.893485310739,6931.663424124514,7414.041703637978,482.378279513463,6.61617510234281,113.92021070798027,56.960105353990144,8778073.65159612,9232993.018278776,8632268.681277582,17556147.30319224,18465986.036557555,17264537.362555165,30.8837638348341
mojo,cubic_distortion,run,scalar,double,O3,48000,64,0,2,50,142950,1000,1.5201210000013816,10633.93494229718,10373.626373670908,10773.251867446166,399.6254937752583,3.758020863807634,166.15523347339342,83.07761673669671,6018468.2666654065,6169491.525397243,5940638.981382268,12036936.533330811,12338983.050794486,11881277.962764535,-0.1541328635066747
mojo,cubic_distortion,run,scalar,single,O3,48000,64,0,2,50,141847,976,1.400859000001219,9875.8451007157,9518.443997685066,10006.734006273831,488.2900085887668,4.944285816647534,154.3100796986828,77.1550398493414,6480458.061797868,6723788.049345578,6395693.136229512,12960916.123595737,13447576.098691156,12791386.272459025,30.875792533159256
mojo,cubic_distortion,run,vec,double,O3,48000,64,0,2,50,131950,1000,1.7855119999985618,13531.731716548402,13117.462802821838,13750.000000311951,632.5371974901154,4.67447338404267,211.4333080710688,105.7166540355344,4729623.771784677,4878992.299199223,4654545.454439854,9459247.543569354,9757984.598398443,9309090.908879708,6.299986364570941
mojo,cubic_distortion,run,vec,single,O3,48000,64,0,2,50,133450,1000,1.7915109999994456,13424.58598725699,13054.239878160955,14099.854227851563,1045.614349690606,7.7888014623552175,209.75915605089048,104.87957802544524,4767372.34658489,4902621.722699348,4539054.01898271,9534744.69316978,9805243.445398696,9078108.03796542,26.082562640309337
cpp,dbmeter,run,scalar,double,O3,48000,64,8,8,50,101244,233,0.1199587529999999,1184.8480206234444,1184.1528491620113,1186.2153708668454,2.062521704834353,0.1740747900940994,18.51325032224132,2.314156290280165,54015366.431826785,54047076.8155402,53953102.92871268,432122931.4546142,432376614.5243216,431624823.42970145,0.0
cpp,dbmeter,run,scalar,single,O3,48000,64,8,8,50,107134,200,0.0973778339999999,908.93492262027,898.5271415689812,911.3245414847162,12.797399915735127,1.407955574953913,14.202108165941718,1.7752635207427148,70412081.66532026,71227675.86991878,70227451.45843671,563296653.3225621,569821406.9593502,561819611.6674937,0.0
cpp,dbmeter,run,vec,double,O3,48000,64,8,8,50,98381,229,0.116145502,1180.568422764558,1178.3890724829257,1182.85055957867,4.46148709574436,0.3779100821023838,18.44638160569622,2.3057977007120276,54211173.842961214,54311433.71445964,54106581.32739669,433689390.7436898,434491469.71567714,432852650.6191735,0.0
cpp,dbmeter,run,vec,single,O3,48000,64,8,8,50,111359,198,0.095413083,856.8062123402688,854.9621547903171,858.9820757937863,4.019921003469221,0.4691750533051415,13.3875970678167,1.6734496334770876,74696003.69165304,74857114.60023193,74506793.33542266,597568029.5332243,598856916.8018554,596054346.6833813,0.0
mojo,dbmeter,run,scalar,double,O3,48000,64,8,8,50,97545,217,0.1071549999996932,1098.518632422915,1097.916666594756,1101.62866534286,3.711998748104179,0.3379094936165915,17.164353631608048,2.145544203951006,58260277.16875434,58292220.117669985,58095801.25629834,466082217.3500347,466337760.9413599,464766410.0503867,0.0
mojo,dbmeter,run,scalar,single,O3,48000,64,8,8,50,122398,197,0.095567000000301,780.7889017819004,780.2112456834435,782.2780879155331,2.0668422320895843,0.2647120402675652,12.199826590342196,1.5249783237927743,81968378.20560783,82029066.29977855,81812338.84555697,655747025.6448627,656232530.3982284,654498710.7644558,0.0
mojo,dbmeter,run,vec,double,O3,48000,64,8,8,50,102246,334,0.1858009999996284,1817.195782716472,1804.292929187391,1827.4460769051448,23.153147717753654,1.2741141014064374,28.39368410494487,3.5492105131181093,35219100.00491433,35470958.71446108,35021553.198651224,281752800.0393146,283767669.71568865,280172425.5892098,0.0
mojo,dbmeter,run,vec,single,O3,48000,64,8,8,50,99081,217,0.109429000000091,1104.439801779262,1103.7283899973793,1105.5045870671468,1.776197069767477,0.1608233483532564,17.256871902800967,2.157108987850121,57947929.70779889,57985280.23742504,57892116.18722368,463583437.6623911,463882241.8994003,463136929.49778944,0.0
cpp,delays,run,scalar,double,O3,48000,64,3,3,50,1000000,1000,0.067042413,67.042413,65.2958,69.4042,4.108400000000003,6.128061052933765,1.047537703125,0.3491792343749999,954619577.9080915,980154925.7379496,922134395.3247784,2863858733.724275,2940464777.2138486,2766403185.9743357,198.23999890312552
cpp,delays,run,scalar,single,O3,48000,64,3,3,50,500000,508,0.0996002049999999,199.20041,195.80840000000003,201.1792,5.370799999999974,2.6961791895910125,3.11250640625,1.0375021354166667,321284479.2839533,326850124.91803205,318124338.8978582,963853437.85186,980550374.754096,954373016.6935748,198.24243581667545
cpp,delays,run,vec,double,O3,48000,64,3,3,50,920000,926,0.099269459,107.90158586956522,102.2875,108.6666,6.379100000000008,5.911961301209476,1.6859622792119566,0.5619874264039855,593133080.3364204,625687400.7087865,588957416.5382923,1779399241.0092614,1877062202.1263597,1766872249.6148767,198.23999890312552
cpp,delays,run,vec,single,O3,48000,64,3,3,50,820000,823,0.099462337,121.29553292682928,113.9917,122.8625,8.870800000000003,7.313377323921117,1.8952427019817073,0.6317475673272358,527636908.430977,561444385.8631814,520907518.56750435,1582910725.2929308,1684333157.589544,1562722555.702513,198.24243581667545
mojo,delays,run,scalar,double,O3,48000,64,3,3,50,1000000,1000,0.0643579999996291,64.35799999962911,63.500000032945536,66.1000000036438,2.5999999706982635,4.039901753804107,1.005593749994205,0.335197916664735,994437365.989758,1007874015.2251188,968229954.5608468,2983312097.9692736,3023622045.675357,2904689863.68254,198.23999890312552
mojo,delays,run,scalar,single,O3,48000,64,3,3,50,1000000,1000,0.0631709999997838,63.170999999783824,62.400000024354085,63.79999995260732,1.3999999282532372,2.216206690186997,0.9870468749966222,0.3290156249988741,1013123110.2914156,1025641025.2407284,1003134796.9834052,3039369330.874247,3076923075.722185,3009404390.9502153,198.24243581667545
mojo,delays,run,vec,double,O3,48000,64,3,3,50,320000,329,0.0984189999999216,307.5593749997551,306.300000011106,308.80000012984965,2.5000001187436283,0.8128512157191172,4.8056152343711735,1.6018717447903912,208089901.34035403,208945478.2816828,207253885.92321295,624269704.0210621,626836434.8450484,621761657.7696388,198.23999890312552
mojo,delays,run,vec,single,O3,48000,64,3,3,50,340000,340,0.0986510000002454,290.1500000007217,289.2999998948653,291.4000000600936,2.1000001652282663,0.7237636275109574,4.533593750011277,1.5111979166704257,220575564.36271167,221223643.3572702,219629375.38367084,661726693.088135,663670930.0718106,658888126.1510125,198.24243581667545
cpp,echo,run,scalar,double,O3,48000,64,1,1,50,1000000,1000,0.0269412059999999,26.941206,24.7792,28.4541,3.674900000000001,13.640443564404656,0.42095634375,0.42095634375,2375543247.767008,2582811390.1982307,2249236489.644726,2375543247.767008,2582811390.1982307,2249236489.644726,130.0001242160797
cpp,echo,run,scalar,single,O3,48000,64,1,1,50,1000000,1000,0.009776664,9.776664,9.4583,10.0583,0.5999999999999996,6.137062703597051,0.152760375,0.152760375,6546200217.170192,6766543670.638487,6362904268.116879,6546200217.170192,6766543670.638487,6362904268.116879,129.99972116947174
cpp,echo,run,vec,double,O3,48000,64,1,1,50,1000000,1000,0.021446294,21.446294,21.175,21.975,0.8000000000000007,3.7302482191095616,0.33509834375,0.33509834375,2984198575.287645,3022432113.341204,2912400455.062571,2984198575.287645,3022432113.341204,2912400455.062571,130.0001242160797
cpp,echo,run,vec,single,O3,48000,64,1,1,50,1000000,1000,0.0259477889999999,25.947789,24.8,27.4166,2.6165999999999983,10.084096182530228,0.405434203125,0.405434203125,2466491460.987293,2580645161.2903223,2334352180.7955766,2466491460.987293,2580645161.2903223,2334352180.7955766,129.99972116947174
mojo,echo,run,scalar,double,O3,48000,64,1,1,50,1000000,1000,0.0230119999996532,23.011999999653167,22.80000007885974,23.300000066228677,0.4999999873689376,2.172779364577062,0.3595624999945807,0.3595624999945807,2781157656.9165874,2807017534.150848,2746781108.0722885,2781157656.9165874,2807017534.150848,2746781108.0722885,130.0001242160797
mojo,echo,run,scalar,single,O3,48000,64,1,1,50,1000000,1000,0.0210829999996349,21.08299999963489,20.899999981338624,21.600000036414713,0.7000000550760888,3.3202108575070497,0.3294218749942951,0.3294218749942951,3035621116.5919576,3062200959.672004,2962962957.9678035,3035621116.5919576,3062200959.672004,2962962957.9678035,129.99972116947174
mojo,echo,run,vec,double,O3,48000,64,1,1,50,1000000,1000,0.0477420000006532,47.742000000653235,47.49999989144271,48.29999998037238,0.8000000889296643,1.675673597500562,0.7459687500102068,0.7459687500102068,1340538728.9833765,1347368424.1319296,1325051760.3728285,1340538728.9833765,1347368424.1319296,1325051760.3728285,130.0001242160797
mojo,echo,run,vec,single,O3,48000,64,1,1,50,1000000,1000,0.0477780000001075,47.7780000001076,47.59999992529629,48.6000000819331,1.0000001566368155,2.093013848705604,0.7465312500016812,0.7465312500016812,1339528653.3520849,1344537817.2361758,1316872425.7634685,1339528653.3520849,1344537817.2361758,1316872425.7634685,129.99972116947174
cpp,echo_1,run,scalar,double,O3,48000,64,1,1,50,1000000,1000,0.027000545,27.000545,26.1792,27.7375,1.5582999999999991,5.771364985410477,0.4218835156249999,0.4218835156249999,2370322524.9712553,2444688913.3357778,2307345651.1942315,2370322524.9712553,2444688913.3357778,2307345651.1942315,130.0001242160797
cpp,echo_1,run,scalar,single,O3,48000,64,1,1,50,1000000,1000,0.0097148759999999,9.714876,9.5167,9.9791,0.4624000000000005,4.759710777574522,0.1517949375,0.1517949375,6587834986.262306,6725020227.599903,6413404014.390075,6587834986.262306,6725020227.599903,6413404014.390075,129.99972116947174
cpp,echo_1,run,vec,double,O3,48000,64,1,1,50,1000000,1000,0.023038748,23.038748,22.7833,23.7,0.9166999999999988,3.9789488560749855,0.3599804374999999,0.3599804374999999,2777928731.1966777,2809075068.1420164,2700421940.9282703,2777928731.1966777,2809075068.1420164,2700421940.9282703,130.0001242160797
cpp,echo_1,run,vec,single,O3,48000,64,1,1,50,1000000,1000,0.0257631219999999,25.763122,25.6042,25.9708,0.3666000000000018,1.4229641888898474,0.4025487812499999,0.4025487812499999,2484170978.967534,2499589911.030222,2464306066.813498,2484170978.967534,2499589911.030222,2464306066.813498,129.99972116947174
mojo,echo_1,run,scalar,double,O3,48000,64,1,1,50,1000000,1000,0.0231149999999615,23.11499999996154,22.899999930814374,23.89999990555225,0.9999999747378752,4.326195002117841,0.361171874999399,0.361171874999399,2768764871.3002973,2794759833.771057,2677824278.3646226,2768764871.3002973,2794759833.771057,2677824278.3646226,130.0001242160797
mojo,echo_1,run,scalar,single,O3,48000,64,1,1,50,1000000,1000,0.0210569999999279,21.056999999927893,20.99999983329326,21.39999996870756,0.4000001354143023,1.8996064748809045,0.3290156249988733,0.3290156249988733,3039369330.874247,3047619071.8123164,2990654209.9806013,3039369330.874247,3047619071.8123164,2990654209.9806013,129.99972116947174
mojo,echo_1,run,vec,double,O3,48000,64,1,1,50,1000000,1000,0.0475740000001678,47.574000000167864,47.3000000056345,48.100000094564166,0.8000000889296643,1.6815909718056954,0.7433437500026229,0.7433437500026229,1345272627.901252,1353065538.95087,1330561327.945459,1345272627.901252,1353065538.95087,1330561327.945459,130.0001242160797
mojo,echo_1,run,vec,single,O3,48000,64,1,1,50,1000000,1000,0.047896000000037,47.896000000037034,47.59999992529629,49.10000006930204,1.500000144005753,3.1317858359875426,0.7483750000005787,0.7483750000005787,1336228495.0716245,1344537817.2361758,1303462319.952493,1336228495.0716245,1344537817.2361758,1303462319.952493,129.99972116947174
cpp,freeverb,run,scalar,double,O3,48000,64,2,2,50,153590,204,0.1007956659999999,656.2645094081646,655.3996875406848,656.9763267429761,1.5766392022912896,0.2402444715032878,10.254132959502572,5.127066479751286,97521653.3615642,97650336.4537035,97415991.10166755,195043306.7231284,195300672.90740696,194831982.2033351,765.4368052482605
cpp,freeverb,run,scalar,single,O3,48000,64,2,2,50,102679,222,0.117317874,1142.5693082324526,1140.759445037353,1145.859948761742,5.100503724388773,0.4464065057269234,17.852645441132072,8.926322720566036,56014107.449645735,56102976.204509415,55853248.09472635,112028214.89929149,112205952.40901884,111706496.18945268,765.43892288208
cpp,freeverb,run,vec,double,O3,48000,64,2,2,50,101971,266,0.139482085,1367.8603230330193,1347.6507034632034,1371.649618320611,23.99891485740727,1.7544857799657043,21.372817547390923,10.686408773695462,46788402.96945661,47490050.52684074,46659146.14430387,93576805.93891324,94980101.0536815,93318292.28860776,765.4368052482605
cpp,freeverb,run,vec,single,O3,48000,64,2,2,50,101213,241,0.1233307919999999,1218.5271852430024,1216.993564993565,1220.1819019111213,3.188336917556171,0.2616549680769201,19.03948726942191,9.519743634710958,52522422.78635493,52588610.03126044,52451195.92395151,105044845.57270986,105177220.06252088,104902391.847903,765.43892288208
mojo,freeverb,run,scalar,double,O3,48000,64,2,2,50,100668,241,0.1237770000007003,1229.556562171697,1228.1631715691506,1233.3641406763834,5.200969107232822,0.4229955145818296,19.21182128393276,9.60591064196638,52051285.77977771,52110339.63689941,51890595.72049992,104102571.55955544,104220679.27379882,103781191.44099984,765.4368052482605
mojo,freeverb,run,scalar,single,O3,48000,64,2,2,50,99759,227,0.1146800000005896,1149.5704648261276,1145.104895195081,1152.7383810643278,7.633485869246442,0.664029400790234,17.962038512908244,8.981019256454122,55672968.25921846,55890076.33147607,55519969.70978667,111345936.51843692,111780152.66295214,111039939.41957334,765.4390535354614
mojo,freeverb,run,vec,double,O3,48000,64,2,2,50,100797,278,0.14342200000101,1422.8796492059291,1417.4166223733555,1425.464191061472,8.047568688116371,0.5655832306412917,22.232494518842643,11.11624725942132,44979208.210418,45152567.6994227,44897655.3752237,89958416.420836,90305135.3988454,89795310.7504474,765.4368052482605
mojo,freeverb,run,vec,single,O3,48000,64,2,2,50,102511,254,0.1332839999995485,1300.1921744939427,1294.231701775196,1304.9196294503545,10.687927675158562,0.8220267653370925,20.315502726467855,10.157751363233928,49223492.69246288,49450187.25180061,49045166.120274745,98446985.38492575,98900374.50360122,98090332.24054947,765.4389209747314
cpp,gate_compressor,run,scalar,double,O3,48000,64,1,2,50,143450,1000,1.5006289609999997,10460.989620076682,10237.963194444445,10539.31123517097,301.34804072652514,2.8806838709425677,163.45296281369815,81.72648140684908,6117968.024475574,6251243.414776987,6072503.08601042,12235936.048951147,12502486.829553977,12145006.17202084,0.0
cpp,gate_compressor,run,scalar,single,O3,48000,64,1,2,50,142550,1000,1.457598995,10225.177095755877,9898.583275742916,10334.25623268698,435.67295694406494,4.260786418309547,159.76839212118554,79.88419606059277,6259060.297993687,6465571.710331106,6192995.273096643,12518120.595987374,12931143.420662211,12385990.546193289,0.0
cpp,gate_compressor,run,vec,double,O3,48000,64,1,2,50,142677,982,1.3175514599999998,9234.504930717634,8818.478730587442,9327.135226504395,508.6564959169537,5.508216192781055,144.28913954246303,72.14456977123152,6930528.542695404,7257487.595679288,6861699.594333617,13861057.085390808,14514975.191358576,13723399.188667234,0.0
cpp,gate_compressor,run,vec,single,O3,48000,64,1,2,50,138587,941,1.173318953,8466.29880869057,8049.67098092643,8572.18569463549,522.5147137090589,6.171701773302672,132.28591888579015,66.14295944289508,7559383.556638073,7950635.516861124,7466007.186481211,15118767.113276148,15901271.033722248,14932014.372962425,0.0
mojo,gate_compressor,run,scalar,double,O3,48000,64,1,2,50,142950,1000,1.4872249999989435,10403.8125218534,10089.176310868388,10522.206303463245,433.0299925948566,4.162224104723814,162.55957065395936,81.27978532697968,6151591.0504506705,6343431.617014872,6082374.566153036,12303182.10090134,12686863.234029744,12164749.132306073,0.0
mojo,gate_compressor,run,scalar,single,O3,48000,64,1,2,50,144550,1000,1.484575999998924,10270.328606011237,9904.927133147814,10466.894197755306,561.9670646074919,5.471753496558736,160.47388446892558,80.23694223446279,6231543.551833455,6461430.673812602,6114516.760255896,12463087.10366691,12922861.347625203,12229033.520511791,0.0
mojo,gate_compressor,run,vec,double,O3,48000,64,1,2,50,127150,1000,1.969904999999926,15492.764451434732,15049.54268262381,15809.160304481948,759.6176218581368,4.9030476403311685,242.0744445536677,121.03722227683384,4130960.630081301,4252620.916773395,4048285.8524659146,8261921.260162602,8505241.83354679,8096571.704931829,0.0
mojo,gate_compressor,run,vec,single,O3,48000,64,1,2,50,127950,1000,1.987476999998762,15533.231731135302,14957.36122313229,15808.823529887068,851.4623067547782,5.481552850641378,242.7067457989891,121.35337289949454,4120198.623684752,4278829.604049468,4048372.0929015386,8240397.247369504,8557659.208098937,8096744.185803077,0.0
cpp,grain3,run,scalar,double,O3,48000,64,1,1,50,340000,340,0.100533292,295.6861529411765,286.1542,298.1625,12.00830000000002,4.0611641365529,4.620096139705883,4.620096139705883,216445712.33179155,223655637.415072,214648052.6558504,216445712.33179155,223655637.415072,214648052.6558504,1.8171836264664307
cpp,grain3,run,scalar,single,O3,48000,64,1,1,50,470000,473,0.101822955,216.64458510638295,212.4083,226.3541,13.945799999999991,6.437179121348419,3.385071642287234,3.385071642287234,295414722.5446364,301306493.20200765,282742835.23028743,295414722.5446364,301306493.20200765,282742835.23028743,0.0
cpp,grain3,run,vec,double,O3,48000,64,1,1,50,181412,197,0.1012328329999999,558.0272142967389,554.5060266219474,560.3707853403141,5.864758718366716,1.050980770849654,8.719175223386545,8.719175223386545,114689746.95195976,115418042.23461416,114210093.87763263,114689746.95195976,115418042.23461416,114210093.87763263,1.5204482753761113
cpp,grain3,run,vec,single,O3,48000,64,1,1,50,230000,239,0.098267792,427.2512695652174,425.6167,429.9792,4.362500000000011,1.021061916197326,6.675801086956522,6.675801086956522,149794756.76018038,150370039.52147555,148844409.21793428,149794756.76018038,150370039.52147555,148844409.21793428,1.9878877158043904
mojo,grain3,run,scalar,double,O3,48000,64,1,1,50,330000,330,0.102007000001322,309.1121212161273,307.4000000196975,311.5000001344015,4.100000114704017,1.326379599277295,4.829876894001989,4.829876894001989,207044614.58259025,208197787.8851627,205457463.7957824,207044614.58259025,208197787.8851627,205457463.7957824,1.782996746711433
mojo,grain3,run,scalar,single,O3,48000,64,1,1,50,510000,512,0.100577000001067,197.20980392366096,196.4000000953092,199.10000009986103,2.700000004551839,1.3691002936126833,3.0814031863072024,3.0814031863072024,324527476.45737803,325865580.28992873,321446509.1305877,324527476.45737803,325865580.28992873,321446509.1305877,0.0
mojo,grain3,run,vec,double,O3,48000,64,1,1,50,136192,198,0.0983730000007199,722.3111489714514,719.0509420412249,725.3176932287323,6.266751187507452,0.8675971839049017,11.286111702678928,11.286111702678928,88604474.8044302,89006211.18486863,88237196.74492665,88604474.8044302,89006211.18486863,88237196.74492665,0.3002777173387585
mojo,grain3,run,vec,single,O3,48000,64,1,1,50,159923,197,0.1012499999997089,633.117187644735,628.3406579343848,643.8323636115525,15.491705677167715,2.4468938735968533,9.892456056948983,9.892456056948983,101087130.8644881,101855576.57592048,99404757.5381183,101087130.8644881,101855576.57592048,99404757.5381183,0.519907489157049
cpp,harpe,run,scalar,double,O3,48000,64,0,2,50,113544,199,0.095735919,843.161408793067,839.3931795386159,848.8235588972431,9.430379358627192,1.1184548130738328,13.174397012391672,6.587198506195836,75904802.25086677,76245556.38536221,75398472.77936794,151809604.50173354,152491112.77072442,150796945.55873588,0.75925874710083
cpp,harpe,run,scalar,single,O3,48000,64,0,2,50,101012,199,0.096382962,954.1733853403556,950.8204148471616,960.2442220200182,9.42380717285664,0.9876409589327572,14.908959145943056,7.454479572971528,67073763.514343955,67310292.24933879,66649711.11762211,134147527.02868792,134620584.49867758,133299422.2352442,0.7592549624387174
cpp,harpe,run,vec,double,O3,48000,64,0,2,50,101926,256,0.138117999,1355.0811274846458,1313.6775140689992,1366.660409556314,52.98289548731464,3.9099426899748466,21.17314261694759,10.586571308473795,47229644.5592149,48718197.05718011,46829482.69554219,94459289.1184298,97436394.1143602,93658965.39108436,0.75925874710083
cpp,harpe,run,vec,single,O3,48000,64,0,2,50,98678,225,0.1138184989999999,1153.4333792740024,1148.553964522334,1161.8086696562034,13.254705133869493,1.1491522069711828,18.022396551156287,9.011198275578144,55486516.29995578,55722240.29248519,55086522.997748464,110973032.59991156,111444480.58497038,110173045.99549691,0.7592531882692128
mojo,harpe,run,scalar,double,O3,48000,64,0,2,50,97545,217,0.1067839999996067,1094.715259619732,1091.4583333487826,1100.3257321206706,8.86739877188802,0.8100187417656224,17.104925931558313,8.552462965779156,58462691.04007146,58637144.4923939,58164594.475721344,116925382.08014292,117274288.9847878,116329188.95144267,0.7592587471008301
mojo,harpe,run,scalar,single,O3,48000,64,0,2,50,101102,212,0.1094090000005962,1082.1645467013143,1078.9634769009394,1087.5585420574232,8.59506515648377,0.7942475275764207,16.908821042208036,8.454410521104018,59140728.82454584,59316187.591283865,58847406.85216446,118281457.64909168,118632375.18256772,117694813.70432892,0.759253186872229
mojo,harpe,run,vec,double,O3,48000,64,0,2,50,105791,350,0.1976159999994706,1867.984989266295,1814.4262294746843,2005.2236370165604,190.79740754187603,10.214076057260888,29.187265457285864,14.593632728642932,34261517.286141485,35272858.69237538,31916639.53015304,68523034.57228297,70545717.38475075,63833279.06030608,0.7592587471008301
mojo,harpe,run,vec,single,O3,48000,64,0,2,50,104622,334,0.1844769999988784,1763.271587227146,1755.0251256246306,1778.7757818550333,23.750656230402683,1.3469652889803585,27.551118550424157,13.775559275212078,36296167.00206914,36466714.388047166,35979801.756270975,72592334.00413828,72933428.77609433,71959603.51254195,0.759253186872229
cpp,highShelf,run,scalar,double,O3,48000,64,1,1,50,560000,561,0.1007232909999999,179.86301964285715,178.8625,181.9083,3.0457999999999856,1.6933997917125163,2.810359681919643,2.810359681919643,355826340.1063812,357816758.68334615,351825617.6326204,355826340.1063812,357816758.68334615,351825617.6326204,2.0800000071758404
cpp,highShelf,run,scalar,single,O3,48000,64,1,1,50,360000,362,0.1005119149999999,279.19976388888887,278.5333,282.2792,3.745900000000006,1.341655862392038,4.3624963107638886,4.3624963107638886,229226554.88157803,229775039.46565816,226725879.90896955,229226554.88157803,229775039.46565816,226725879.90896955,2.080002529779449
cpp,highShelf,run,vec,double,O3,48000,64,1,1,50,650000,656,0.099681503,153.35615846153846,152.6625,154.9292,2.2667000000000144,1.4780625849913294,2.3961899759615384,2.3961899759615384,417329180.92135906,419225415.5408172,413091915.53303057,417329180.92135906,419225415.5408172,413091915.53303057,2.0800000071758404
cpp,highShelf,run,vec,single,O3,48000,64,1,1,50,670000,679,0.0993671259999999,148.3091432835821,147.0792,150.125,3.045800000000014,2.0536832271872383,2.3173303638059704,2.3173303638059704,431531047.80347586,435139707.04219234,426311407.1606994,431531047.80347586,435139707.04219234,426311407.1606994,2.080002529779449
mojo,highShelf,run,scalar,double,O3,48000,64,1,1,50,690000,693,0.1002869999992981,145.34347825985233,144.60000002145534,147.30000002600718,2.700000004551839,1.857668494574379,2.2709918478101927,2.2709918478101927,440336235.00861585,442600276.5595011,434487440.5207074,440336235.00861585,442600276.5595011,434487440.5207074,2.0800000071758404
mojo,highShelf,run,scalar,single,O3,48000,64,1,1,50,770000,770,0.100576999999248,130.61948051850402,129.89999995625112,132.3999998930958,2.499999936844688,1.9139564228251,2.0409293831016253,2.0409293831016253,489972856.6209811,492686682.2290569,483383686.1909044,489972856.6209811,492686682.2290569,483383686.1909044,2.080003666225821
mojo,highShelf,run,vec,double,O3,48000,64,1,1,50,440000,448,0.1268209999998362,288.22954545417315,286.99999984382885,291.0000001065782,4.000000262749381,1.3877828716159006,4.5035866477214554,4.5035866477214554,222045244.87298137,222996515.80078617,219931271.3971138,222045244.87298137,222996515.80078617,219931271.3971138,2.0800000071758404
mojo,highShelf,run,vec,single,O3,48000,64,1,1,50,470000,473,0.134383999999045,285.92340425328734,285.09999992820667,288.00000000046566,2.9000000722589903,1.0142576749995618,4.467553191457615,4.467553191457615,223836170.97432548,224482637.72752145,222222222.2218629,223836170.97432548,224482637.72752145,222222222.2218629,2.080002529779449
cpp,karplus,run,scalar,double,O3,48000,64,0,1,50,820000,824,0.0994756689999999,121.31179146341464,117.6625,123.3833,5.720800000000011,4.7157823085361805,1.8954967416158537,1.8954967416158537,527566193.0959218,543928609.3700203,518708771.7705718,527566193.0959218,543928609.3700203,518708771.7705718,0.0
cpp,karplus,run,scalar,single,O3,48000,64,0,1,50,460000,466,0.098691624,214.54700869565215,211.4208,219.5833,8.162499999999994,3.804527525051161,3.3522970108695653,3.3522970108695653,298302923.86312336,302713829.4812998,291461144.81383604,298302923.86312336,302713829.4812998,291461144.81383604,0.0
cpp,karplus,run,vec,double,O3,48000,64,0,1,50,630000,636,0.1009209199999999,160.1919365079365,157.9625,162.6625,4.699999999999989,2.9339803878125497,2.502999007936508,2.502999007936508,399520733.6595823,405159452.4016776,393452701.14500886,399520733.6595823,405159452.4016776,393452701.14500886,0.0
cpp,karplus,run,vec,single,O3,48000,64,0,1,50,640000,647,0.0992171629999999,155.0268171875,153.775,157.8584,4.083399999999983,2.633995894440148,2.4222940185546875,2.4222940185546875,412831800.07878274,416192489.0261746,405426635.51638687,412831800.07878274,416192489.0261746,405426635.51638687,0.0
mojo,karplus,run,scalar,double,O3,48000,64,0,1,50,820000,824,0.1001459999988583,122.1292682912906,120.09999991278164,126.0000000911532,5.900000178371556,4.830946963752752,1.9082698170514156,1.9082698170514156,524034909.0387862,532889259.3378662,507936507.56904733,524034909.0387862,532889259.3378662,507936507.56904733,0.0
mojo,karplus,run,scalar,single,O3,48000,64,0,1,50,830000,831,0.1010619999979098,121.76144578061432,120.19999994663522,124.49999994714744,4.300000000512227,3.5314955180967735,1.9025225903220984,1.9025225903220984,525617937.5145812,532445923.6972867,514056225.1178248,525617937.5145812,532445923.6972867,514056225.1178248,0.0
mojo,karplus,run,vec,double,O3,48000,64,0,1,50,410000,416,0.0992619999997259,242.10243902372184,202.30000009178184,251.59999986499315,49.29999977321131,20.36328092026399,3.782850609745654,3.782850609745654,264350909.71441683,316361838.7096576,254372019.21439573,264350909.71441683,316361838.7096576,254372019.21439573,0.0
mojo,karplus,run,vec,single,O3,48000,64,0,1,50,550000,552,0.0997699999988981,181.39999999799656,168.59999996086117,202.1000000240747,33.50000006321352,18.467475227995315,2.834374999968696,2.834374999968696,352811466.3765536,379596678.6171825,316674913.3714802,352811466.3765536,379596678.6171825,316674913.3714802,0.0
cpp,karplus32,run,scalar,double,O3,48000,64,0,2,50,103188,330,0.1796984609999999,1741.4666530991976,1689.331780055918,1760.2187986305632,70.88701857464525,4.070535513757402,27.210416454674963,13.60520822733748,36750631.93779941,37884802.00016219,36359116.29269697,73501263.87559882,75769604.00032438,72718232.58539394,0.0348573140217922
cpp,karplus32,run,scalar,single,O3,48000,64,0,2,50,102350,327,0.1809603339999999,1768.0540693698094,1742.274412855377,1779.9981555487243,37.72374269334728,2.133630602529775,27.625844833903273,13.812922416951636,36197988.00769235,36733593.47286272,35955093.43675166,72395976.0153847,73467186.94572544,71910186.87350333,0.0348572927032364
cpp,karplus32,run,vec,double,O3,48000,64,0,2,50,103664,301,0.1644878339999999,1586.7401798116994,1580.3545998291086,1595.9528810672723,15.598281238163736,0.983039405986102,24.792815309557803,12.3964076547789,40334265.69408167,40497240.307283334,40101434.5468651,80668531.38816334,80994480.61456667,80202869.0937302,0.0348573140217922
cpp,karplus32,run,vec,single,O3,48000,64,0,2,50,98277,279,0.140944998,1434.1605665618608,1411.182930071789,1445.386538973131,34.203608901341795,2.3849218629221363,22.408758852529076,11.204379426264538,44625407.706912726,45352022.5026703,44278812.81187836,89250815.41382545,90704045.0053406,88557625.62375672,0.0348572927032364
mojo,karplus32,run,scalar,double,O3,48000,64,0,2,50,103299,314,0.1706409999987954,1651.9133776589847,1644.2193086824143,1661.1675125840352,16.948203901620673,1.0259741298081189,25.811146525921636,12.905573262960818,38742951.57697545,38924247.91634762,38527119.941350505,77485903.1539509,77848495.83269525,77054239.88270101,0.0348573140217922
mojo,karplus32,run,scalar,single,O3,48000,64,0,2,50,101135,328,0.1831970000021101,1811.4104909488328,1747.368421286976,1868.0533994726827,120.68497818570675,6.6624864319125665,28.30328892107551,14.151644460537756,35331582.940361716,36626506.019184306,34260262.5910298,70663165.88072343,73253012.03836861,68520525.1820596,0.0348572927032364
mojo,karplus32,run,vec,double,O3,48000,64,0,2,50,104337,334,0.1831959999999526,1755.8104986721162,1722.9067929735331,1770.078740128514,47.1719471549809,2.6866194951366387,27.434539041751815,13.717269520875908,36450402.84723317,37146524.850333646,36156583.63048491,72900805.69446634,74293049.70066729,72313167.26096983,0.0348573140217922
mojo,karplus32,run,vec,single,O3,48000,64,0,2,50,99517,279,0.1514250000018364,1521.5993247569409,1509.2838196176851,1539.6158467504613,30.332027132776147,1.9934306383595013,23.7749894493272,11.8874947246636,42061007.098713934,42404217.92649428,41568810.90505756,84122014.19742787,84808435.85298856,83137621.81011511,0.0348572927032364
cpp,lowShelf,run,scalar,double,O3,48000,64,1,1,50,560000,562,0.1003672089999999,179.22715892857144,178.8625,180.8833,2.02079999999998,1.127507690285568,2.8004243582589288,2.8004243582589288,357088738.0160188,357816758.68334615,353819285.69414645,357088738.0160188,357816758.68334615,353819285.69414645,2.0800000071758404
cpp,lowShelf,run,scalar,single,O3,48000,64,1,1,50,360000,362,0.1008161249999999,280.04479166666664,278.8833,283.3625,4.479199999999992,1.5994584199700168,4.375699869791666,4.375699869791666,228534869.7938946,229486670.5894544,225859102.73942387,228534869.7938946,229486670.5894544,225859102.73942387,2.080002529779449
cpp,lowShelf,run,vec,double,O3,48000,64,1,1,50,650000,658,0.0995614619999999,153.17148,152.6792,154.825,2.14579999999998,1.400913538212192,2.393304375,2.393304375,417832353.6470368,419179560.80461514,413369933.7962215,417832353.6470368,419179560.80461514,413369933.7962215,2.0800000071758404
cpp,lowShelf,run,vec,single,O3,48000,64,1,1,50,670000,679,0.0992295019999999,148.1037343283582,147.6417,150.05,2.4083000000000254,1.6260899908577764,2.314120848880597,2.314120848880597,432129549.53658867,433481868.60487247,426524491.8360546,432129549.53658867,433481868.60487247,426524491.8360546,2.080002529779449
mojo,lowShelf,run,scalar,double,O3,48000,64,1,1,50,690000,695,0.0999289999999746,144.8246376811227,144.49999998760177,145.79999988200143,1.2999998943996616,0.8976372495831979,2.2628849637675423,2.2628849637675423,441913758.7688381,442906574.43246543,438957476.3497692,441913758.7688381,442906574.43246543,438957476.3497692,2.0800000071758404
mojo,lowShelf,run,scalar,single,O3,48000,64,1,1,50,770000,771,0.1003720000007888,130.3532467542712,130.09999984205933,132.2000000072876,2.1000001652282663,1.611007180501591,2.0367694805354875,2.0367694805354875,490973578.2849072,491929285.7624569,484114977.28042334,490973578.2849072,491929285.7624569,484114977.28042334,2.080003666225821
mojo,lowShelf,run,vec,double,O3,48000,64,1,1,50,420000,425,0.1208670000014535,287.7785714320323,287.10000005958136,289.2000000429107,2.099999983329326,0.7297277114412617,4.496540178625505,4.496540178625505,222393209.0618344,222918843.5622368,221300138.27975056,222393209.0618344,222918843.5622368,221300138.27975056,2.0800000071758404
mojo,lowShelf,run,vec,single,O3,48000,64,1,1,50,420000,427,0.1202440000015485,286.29523809892515,285.09999992820667,288.2000000681728,3.1000001399661414,1.0827983589775885,4.4733630952957055,4.4733630952957055,223545457.56672955,224482637.72752145,222068008.2750208,223545457.56672955,224482637.72752145,222068008.2750208,2.080002529779449
cpp,lowboost,run,scalar,double,O3,48000,64,1,1,50,560000,562,0.1006621249999999,179.75379464285714,178.975,181.4958,2.5208000000000084,1.4023626065911132,2.808653041294643,2.808653041294643,356042553.244331,357591842.43609446,352625239.8127119,356042553.244331,357591842.43609446,352625239.8127119,2.0800000071758404
cpp,lowboost,run,scalar,single,O3,48000,64,1,1,50,360000,362,0.100506082,279.1835611111111,278.7209,280.7875,2.066600000000051,0.7402298300713964,4.362243142361111,4.362243142361111,229239858.34011516,229620383.68848553,227930374.39344695,229239858.34011516,229620383.68848553,227930374.39344695,2.0799996964633465
cpp,lowboost,run,vec,double,O3,48000,64,1,1,50,650000,657,0.0996223339999999,153.26512923076922,152.4875,155.1459,2.6584000000000003,1.7345106570179336,2.394767644230769,2.394767644230769,417577046.5285426,419706533.32240343,412514929.4953975,417577046.5285426,419706533.32240343,412514929.4953975,2.0800000071758404
cpp,lowboost,run,vec,single,O3,48000,64,1,1,50,670000,676,0.0994306659999999,148.4039791044776,147.5666,150.45,2.883399999999994,1.942939816977588,2.3188121735074625,2.3188121735074625,431255282.95264566,433702477.3898701,425390495.1811234,431255282.95264566,433702477.3898701,425390495.1811234,2.0799996964633465
mojo,lowboost,run,scalar,double,O3,48000,64,1,1,50,770000,776,0.1004789999988133,130.4922077906667,128.89999998151325,140.00000010128133,11.100000119768085,8.506255130248473,2.038940746729167,2.038940746729167,490450740.9566375,496508921.7158947,457142856.8121426,490450740.9566375,496508921.7158947,457142856.8121426,2.0800000071758404
mojo,lowboost,run,scalar,single,O3,48000,64,1,1,50,770000,771,0.1004799999991519,130.49350649240506,129.89999995625112,131.70000001991866,1.8000000636675395,1.3793790296931767,2.038961038943829,2.038961038943829,490445859.876751,492686682.2290569,485952923.23705745,490445859.876751,492686682.2290569,485952923.23705745,2.080001417780295
mojo,lowboost,run,vec,double,O3,48000,64,1,1,50,520000,520,0.0848690000002534,163.20961538510284,161.29999985423638,165.3999999689404,4.100000114704017,2.5121069644272005,2.550150240392232,2.550150240392232,392133759.0863639,396776193.7869531,386940749.7703641,392133759.0863639,396776193.7869531,386940749.7703641,2.0800000071758404
mojo,lowboost,run,vec,single,O3,48000,64,1,1,50,450000,451,0.1286739999995916,285.94222222131475,285.09999992820667,288.70000005554175,3.600000127335079,1.25899564582272,4.467847222208043,4.467847222208043,223821440.22950563,224482637.72752145,221683408.3397552,223821440.22950563,224482637.72752145,221683408.3397552,2.0799996964633465
cpp,lowcut,run,scalar,double,O3,48000,64,1,1,50,560000,561,0.100527168,179.5128,178.9583,180.675,1.716700000000003,0.9563106363445965,2.8048875,2.8048875,356520537.8112313,357625212.13042367,354227203.54227203,356520537.8112313,357625212.13042367,354227203.54227203,2.0800000071758404
cpp,lowcut,run,scalar,single,O3,48000,64,1,1,50,360000,362,0.100689292,279.69247777777775,278.7583,281.8792,3.120900000000006,1.1158326547772353,4.370194965277777,4.370194965277777,228822743.1373735,229589576.3462469,227047614.72290257,228822743.1373735,229589576.3462469,227047614.72290257,2.0796460575656965
cpp,lowcut,run,vec,double,O3,48000,64,1,1,50,650000,656,0.0997782919999999,153.5050646153846,152.95,154.9917,2.04170000000002,1.3300538357581957,2.398516634615385,2.398516634615385,416924354.6482035,418437397.8424322,412925337.292255,416924354.6482035,418437397.8424322,412925337.292255,2.0800000071758404
cpp,lowcut,run,vec,single,O3,48000,64,1,1,50,670000,677,0.099649255,148.73023134328358,147.775,151.2833,3.5082999999999913,2.3588344940461363,2.323909864738806,2.323909864738806,430309288.3132944,433090847.5723228,423047355.5243705,430309288.3132944,433090847.5723228,423047355.5243705,2.0796460575656965
mojo,lowcut,run,scalar,double,O3,48000,64,1,1,50,770000,777,0.0995989999992161,129.34935064833272,128.79999994765967,130.39999994362006,1.5999999959603883,1.23696020733059,2.0210836038801987,2.0210836038801987,494784084.18144584,496894410.1398107,490797546.2244719,494784084.18144584,496894410.1398107,490797546.2244719,2.0800000071758404
mojo,lowcut,run,scalar,single,O3,48000,64,1,1,50,770000,771,0.1006429999997635,130.70519480488778,129.90000013815006,134.99999986379407,5.099999725644011,3.9019105042130233,2.0422686688263716,2.0422686688263716,489651540.59513104,492686681.53914785,474074074.55238295,489651540.59513104,492686681.53914785,474074074.55238295,2.0796906175091863
mojo,lowcut,run,vec,double,O3,48000,64,1,1,50,430000,434,0.1238089999988005,287.9279069739548,287.10000005958136,289.9000000979868,2.8000000384054147,0.9724656660872736,4.498873546468044,4.498873546468044,222277863.48542196,222918843.5622368,220765781.22927865,222277863.48542196,222918843.5622368,220765781.22927865,2.0800000071758404
mojo,lowcut,run,vec,single,O3,48000,64,1,1,50,430000,439,0.0774729999993724,180.16976744040096,154.8000000184402,286.4000000045053,131.5999999860651,73.04222115377796,2.815152616256265,2.815152616256265,355220528.4450445,413436692.45721024,223463687.1473227,355220528.4450445,413436692.45721024,223463687.1473227,2.0796460575656965
cpp,modulations,run,scalar,double,O3,48000,64,0,2,50,112272,531,0.365220083,3252.993471212769,3101.098644226274,3315.790193305045,214.691549078771,6.599814939030003,50.82802298769951,25.414011493849756,19674186.427475292,20637847.209135793,19301583.112593565,39348372.854950584,41275694.41827159,38603166.22518713,-16.54363280488178
cpp,modulations,run,scalar,single,O3,48000,64,0,2,50,113785,578,0.403384791,3545.1491057696535,3416.959316926168,3608.370425321464,191.41110839529577,5.399239994836277,55.39295477765083,27.696477388825414,18052837.296981774,18730103.01380269,17736538.230910245,36105674.59396355,37460206.02760538,35473076.46182049,5.818454024381936
cpp,modulations,run,vec,double,O3,48000,64,0,2,50,116443,621,0.4450455029999999,3822.0030658777255,3704.118114406779,3870.7106092436975,166.59249483691792,4.358774495086907,59.71879790433946,29.85939895216973,16745146.169918722,17278066.741737716,16534431.64858688,33490292.339837443,34556133.48347543,33068863.29717376,-16.54363280488178
cpp,modulations,run,vec,single,O3,48000,64,0,2,50,115809,591,0.4169429209999999,3600.2635460111046,3493.8869077941927,3625.5466464952096,131.65973870101652,3.656947248955937,56.25411790642351,28.127058953211755,17776476.41126398,18317707.953634176,17652510.43228705,35552952.82252796,36635415.90726835,35305020.8645741,5.818454024381936
mojo,modulations,run,scalar,double,O3,48000,64,0,2,50,111339,543,0.3593579999997018,3227.602187909913,3180.0947874294534,3304.3478177442803,124.2530303148269,3.8497008949944047,50.43128418609239,25.215642093046196,19828961.648289204,20125186.284693334,19368421.101532143,39657923.29657841,40250372.56938667,38736842.203064285,-16.54363280488178
mojo,modulations,run,scalar,single,O3,48000,64,0,2,50,115700,606,0.4292509999995673,3710.034572165664,3537.422037117869,3757.9162405161433,220.4942033982743,5.943184601365181,57.96929019008849,28.984645095044247,17250513.103073645,18092271.52668057,17030714.870645896,34501026.20614729,36184543.05336114,34061429.74129179,5.8184534180909395
mojo,modulations,run,vec,double,O3,48000,64,0,2,50,124066,740,0.6690810000000056,5392.944078151994,5263.822115554061,5450.687388094764,186.8652725407028,3.4649955540561828,84.26475122112491,42.132375610562455,11867358.361693028,12158465.577870969,11741638.33717321,23734716.723386057,24316931.155741937,23483276.67434642,-16.54363280488178
mojo,modulations,run,vec,single,O3,48000,64,0,2,50,123495,758,0.6559119999983523,5311.243370163588,5076.405867592808,5379.821957491106,303.4160898982982,5.712712989255336,82.98817765880607,41.49408882940303,12049909.134182414,12607344.973846288,11896304.469868844,24099818.268364828,25214689.947692577,23792608.93973769,5.818453540559858
cpp,modulations_1,run,scalar,double,O3,48000,64,0,2,50,111912,553,0.3588451260000001,3206.4937272142397,3157.9756563245824,3232.8477728830153,74.87211655843292,2.3350152199886214,50.101464487722495,25.050732243861248,19959496.39845463,20266147.356717296,19796787.382576182,39918992.79690926,40532294.71343459,39593574.765152365,-16.54363280488178
cpp,modulations_1,run,scalar,single,O3,48000,64,0,2,50,113109,564,0.400789543,3543.392152702261,3531.392300194932,3564.9941832283084,33.60188303337645,0.9482970437734642,55.365502385972825,27.682751192986412,18061788.603102352,18123163.488935288,17952343.457134143,36123577.206204705,36246326.977870576,35904686.914268285,5.818454024381936
cpp,modulations_1,run,vec,double,O3,48000,64,0,2,50,114342,607,0.4304616669999999,3764.685478651764,3660.8283350568768,3801.751695357329,140.92336030045226,3.7432970456517594,58.82321060393381,29.411605301966905,17000092.135962483,17482382.166659463,16834345.093646258,34000184.271924965,34964764.33331893,33668690.187292516,-16.54363280488178
cpp,modulations_1,run,vec,single,O3,48000,64,0,2,50,114109,596,0.4114117079999999,3605.427337019867,3469.3263319672133,3633.523857868021,164.19752590080725,4.554176538654853,56.33480214093542,28.16740107046771,17751016.45867599,18447385.421857983,17613755.269946724,35502032.91735198,36894770.843715966,35227510.53989345,5.818454024381936
mojo,modulations_1,run,scalar,double,O3,48000,64,0,2,50,112785,555,0.3623019999977259,3212.324333889488,3189.1891890701995,3223.7157943018947,34.52660523169516,1.0748169127085083,50.19256771702325,25.096283858511622,19923268.433641843,20067796.610918228,19852866.717693824,39846536.86728369,40135593.221836455,39705733.43538765,-16.54363280488178
mojo,modulations_1,run,scalar,single,O3,48000,64,0,2,50,114741,592,0.4207390000010491,3666.8584028468385,3569.5364229948395,3695.543314523003,126.00689152816403,3.436371893453428,57.29466254448185,28.64733127224093,17453632.774669543,17929499.076606713,17318157.183678064,34907265.549339086,35858998.15321343,34636314.36735613,5.8184534180909395
mojo,modulations_1,run,vec,double,O3,48000,64,0,2,50,123851,755,0.669105999999374,5402.50785217216,5212.844036955996,5484.759672226563,271.9156352705677,5.033137252382519,84.41418519019,42.207092595095,11846350.204612449,12277367.123642616,11668697.230998073,23692700.409224898,24554734.247285232,23337394.461996146,-16.54363280488178
mojo,modulations_1,run,vec,single,O3,48000,64,0,2,50,122419,736,0.6507500000006985,5315.759808532162,5216.071428462566,5340.626847779554,124.55541931698826,2.343134825562814,83.05874700831504,41.52937350415752,12039671.148661682,12269770.626753854,11983612.003637545,24079342.297323365,24539541.253507707,23967224.00727509,5.818453540559858
cpp,multibandfilter,run,scalar,double,O3,48000,64,1,1,50,210000,214,0.1003973349999999,478.0825476190476,475.6084,482.2167,6.608299999999986,1.3822508336501134,7.470039806547619,7.470039806547619,133868095.20392153,134564486.24540693,132720413.8720206,133868095.20392153,134564486.24540693,132720413.8720206,2.0800000071758404
cpp,multibandfilter,run,scalar,single,O3,48000,64,1,1,50,187834,198,0.10151425,540.4466177582333,538.0037430450177,543.9903846153846,5.986641570366942,1.1077211649874814,8.444478402472395,8.444478402472395,118420576.42153688,118958280.1743533,117649138.31197526,118420576.42153688,118958280.1743533,117649138.31197526,2.0799946391489357
cpp,multibandfilter,run,vec,double,O3,48000,64,1,1,50,102115,222,0.1167504589999999,1143.32330215933,1133.653575240128,1154.8395721925133,21.185996952385267,1.8530189065833325,17.864426596239532,17.864426596239532,55977167.50732433,56454636.0526792,55418953.022620454,55977167.50732433,56454636.0526792,55418953.022620454,2.0800000071758404
cpp,multibandfilter,run,vec,single,O3,48000,64,1,1,50,101832,230,0.120810456,1186.3702568937074,1172.8599867285998,1205.4050828729282,32.545096144328454,2.7432495003323676,18.537035263964174,18.537035263964174,53946059.10600983,54567468.17538897,53094184.61009324,53946059.10600983,54567468.17538897,53094184.61009324,2.079998117755167
mojo,multibandfilter,run,scalar,double,O3,48000,64,1,1,50,177213,195,0.1001459999988583,565.1165546481258,562.3393316366828,569.6989179271503,7.359586290467519,1.3023129883445057,8.829946166376965,8.829946166376965,113250973.57986636,113810285.71081568,112340041.35528997,113250973.57986636,113810285.71081568,112340041.35528997,2.0800000071758404
mojo,multibandfilter,run,scalar,single,O3,48000,64,1,1,50,290000,290,0.1017240000037418,350.7724138060063,348.899999880814,353.49999998288695,4.600000102072954,1.3113916377178314,5.480818965718848,5.480818965718848,182454484.6773356,183433648.67257875,181046676.10494557,182454484.6773356,183433648.67257875,181046676.10494557,2.0799981566378847
mojo,multibandfilter,run,vec,double,O3,48000,64,1,1,50,103953,230,0.1219380000002274,1173.0108799190737,1160.894344844542,1199.3858300904365,38.49148524589441,3.2814261065123236,18.32829499873553,18.32829499873553,54560448.752543,55129909.353267096,53360643.7514559,54560448.752543,55129909.353267096,53360643.7514559,2.0800000071758404
mojo,multibandfilter,run,vec,single,O3,48000,64,1,1,50,103672,240,0.1265320000002248,1220.5031252433134,1207.015924035616,1231.7804428145769,24.76451877896079,2.0290418161791974,19.070361331926772,19.070361331926772,52437391.33174384,53023326.97154335,51957311.364484854,52437391.33174384,53023326.97154335,51957311.364484854,2.0799981566378847
cpp,noise,run,scalar,double,O3,48000,64,0,1,50,1000000,1000,0.060163128,60.163128,59.4833,62.8833,3.3999999999999986,5.651301907041799,0.940048875,0.940048875,1063774476.619633,1075932236.4428334,1017758291.9471464,1063774476.619633,1075932236.4428334,1017758291.9471464,3.6501806383021176
cpp,noise,run,scalar,single,O3,48000,64,0,1,50,1000000,1000,0.0597959529999999,59.795953,59.4875,60.9375,1.4500000000000028,2.4249132713045025,0.934311765625,0.934311765625,1070306547.3343992,1075856272.3261187,1050256410.2564102,1070306547.3343992,1075856272.3261187,1050256410.2564102,3.6501806383021176
cpp,noise,run,vec,double,O3,48000,64,0,1,50,1000000,1000,0.0678583759999999,67.858376,67.025,70.4208,3.3957999999999946,5.004245901788151,1.060287125,1.060287125,943140755.3873672,954867586.7213724,908822393.3837729,943140755.3873672,954867586.7213724,908822393.3837729,3.6501806383021176
cpp,noise,run,vec,single,O3,48000,64,0,1,50,1000000,1000,0.0678675029999999,67.867503,67.4834,69.5375,2.054099999999991,3.0266326433138273,1.060429734375,1.060429734375,943013919.342222,948381379.717086,920366708.610462,943013919.342222,948381379.717086,920366708.610462,3.6501806383021176
mojo,noise,run,scalar,double,O3,48000,64,0,1,50,1000000,1000,0.0584949999993114,58.49499999931141,57.99999998998828,60.29999985912582,2.2999998691375367,3.9319597729115503,0.9139843749892408,0.9139843749892408,1094110607.757131,1103448276.0525415,1061359869.8095888,1094110607.757131,1103448276.0525415,1061359869.8095888,3.6501806383021176
mojo,noise,run,scalar,single,O3,48000,64,0,1,50,1000000,1000,0.0583980000028532,58.398000002853216,57.90000013803365,59.59999998594867,1.6999998479150236,2.9110583373265606,0.9124687500445816,0.9124687500445816,1095927942.6842198,1105354056.086769,1073825503.6088705,1095927942.6842198,1105354056.086769,1073825503.6088705,3.6501806383021176
mojo,noise,run,vec,double,O3,48000,64,0,1,50,1000000,1000,0.0989099999987956,98.90999999879573,94.70000004512258,101.79999990214128,7.099999857018702,7.178242702563085,1.545468749981183,1.545468749981183,647052876.3601178,675818373.4900247,628683694.1210431,647052876.3601178,675818373.4900247,628683694.1210431,3.6501806383021176
mojo,noise,run,vec,single,O3,48000,64,0,1,50,960000,960,0.0995350000048347,103.68229167170284,101.80000008404022,106.69999992387602,4.8999998398358,4.725975632705963,1.620035807370357,1.620035807370357,617270306.8972287,628683692.9976944,599812559.003375,617270306.8972287,628683692.9976944,599812559.003375,-0.9905663910321892
cpp,noiseabs,run,scalar,double,O3,48000,64,0,1,50,1000000,1000,0.0604131239999999,60.413124,59.4458,61.8292,2.3834000000000017,3.945169264876952,0.9439550625,0.9439550625,1059372463.5064396,1076610963.2640152,1035109624.578678,1059372463.5064396,1076610963.2640152,1035109624.578678,31.14591835718602
cpp,noiseabs,run,scalar,single,O3,48000,64,0,1,50,1000000,1000,0.0607209229999999,60.720923,59.4834,63.325,3.8416,6.326649547142093,0.948764421875,0.948764421875,1054002423.5138851,1075930427.6487222,1010659297.2759572,1054002423.5138851,1075930427.6487222,1010659297.2759572,31.14591835346073
cpp,noiseabs,run,vec,double,O3,48000,64,0,1,50,1000000,1000,0.066164416,66.164416,65.5583,67.3375,1.779200000000003,2.6890587230453344,1.033819,1.033819,967287310.44796,976230317.1375706,950436235.3814735,967287310.44796,976230317.1375706,950436235.3814735,31.14591835718602
cpp,noiseabs,run,vec,single,O3,48000,64,0,1,50,1000000,1000,0.067994872,67.994872,67.475,69.5583,2.0833000000000084,3.063907525261623,1.062419875,1.062419875,941247451.7195942,948499444.2386068,920091491.5976956,941247451.7195942,948499444.2386068,920091491.5976956,31.14591835346073
mojo,noiseabs,run,scalar,double,O3,48000,64,0,1,50,1000000,1000,0.0584410000010393,58.44100000103935,57.89999995613471,59.99999993946403,2.099999983329326,3.59336764136818,0.9131406250162398,0.9131406250162398,1095121575.5866904,1105354059.5593555,1066666667.7428616,1095121575.5866904,1105354059.5593555,1066666667.7428616,31.14591835718602
mojo,noiseabs,run,scalar,single,O3,48000,64,0,1,50,1000000,1000,0.0584779999990132,58.47799999901324,57.99999998998828,60.30000004102476,2.300000051036477,3.9331031346408687,0.913718749984582,0.913718749984582,1094428674.0497267,1103448276.0525415,1061359866.6079264,1094428674.0497267,1103448276.0525415,1061359866.6079264,31.14591835346073
mojo,noiseabs,run,vec,double,O3,48000,64,0,1,50,1000000,1000,0.0960479999994277,96.0479999994277,92.10000007442432,100.20000008807985,8.100000013655517,8.433283372588479,1.5007499999910578,1.5007499999910578,666333499.9206786,694896850.6871095,638722554.3287567,666333499.9206786,694896850.6871095,638722554.3287567,31.14591835718602
mojo,noiseabs,run,vec,single,O3,48000,64,0,1,50,1000000,1000,0.097728000000643,97.72800000064308,96.30000004108297,99.19999993144302,2.89999989036005,2.9674196651327835,1.5270000000100483,1.5270000000100483,654878847.4089192,664589823.1848046,645161290.7684507,654878847.4089192,664589823.1848046,645161290.7684507,31.14591835346073
cpp,notch,run,scalar,double,O3,48000,64,1,1,50,550000,559,0.099285875,180.5197727272727,179.7167,182.4333,2.7165999999999997,1.5048767007391533,2.8206214488636365,2.8206214488636365,354531800.21830887,356116042.63821894,350813146.503407,354531800.21830887,356116042.63821894,350813146.503407,2.080000001937151
cpp,notch,run,scalar,single,O3,48000,64,1,1,50,360000,362,0.100684208,279.6783555555556,279.0958,281.3333,2.2375000000000114,0.8000261570315019,4.369974305555556,4.369974305555556,228834297.4302385,229311942.3509777,227488178.61234343,228834297.4302385,229311942.3509777,227488178.61234343,2.079993741004728
cpp,notch,run,vec,double,O3,48000,64,1,1,50,650000,655,0.0995292509999999,153.1219246153846,152.9958,154.7084,1.712600000000009,1.118455116275321,2.3925300721153846,2.3925300721153846,417967578.1946758,418312136.6730328,413681480.7728604,417967578.1946758,418312136.6730328,413681480.7728604,2.080000001937151
cpp,notch,run,vec,single,O3,48000,64,1,1,50,670000,672,0.100477296,149.9661134328358,149.1208,151.9834,2.8625999999999863,1.9088312249167123,2.3432205223880596,2.3432205223880596,426763076.904458,429182246.876358,421098619.9808664,426763076.904458,429182246.876358,421098619.9808664,2.079993741004728
mojo,notch,run,scalar,double,O3,48000,64,1,1,50,690000,691,0.1005200000017794,145.68115942286872,144.9999999749707,148.30000000074506,3.3000000257743523,2.2652208692240303,2.2762681159823237,2.2762681159823237,439315559.0849411,441379310.42101663,431557653.4030915,439315559.0849411,441379310.42101663,431557653.4030915,2.080000001937151
mojo,notch,run,scalar,single,O3,48000,64,1,1,50,680000,688,0.0994659999996656,146.27352941127313,145.79999988200143,147.39999987796182,1.5999999959603883,1.0938411087775928,2.2855238970511427,2.2855238970511427,437536444.6157108,438957476.3497692,434192673.35812813,437536444.6157108,438957476.3497692,434192673.35812813,2.079993741004728
mojo,notch,run,vec,double,O3,48000,64,1,1,50,660000,662,0.10053599999992,152.32727272715155,151.29999992495868,153.59999997599516,2.300000051036477,1.509906932526938,2.380113636361743,2.380113636361743,420148006.6845071,423000661.1483313,416666666.731784,420148006.6845071,423000661.1483313,416666666.731784,2.080000001937151
mojo,notch,run,vec,single,O3,48000,64,1,1,50,680000,687,0.0995229999989533,146.35735293963717,145.30000007653143,147.9000000472297,2.5999999706982635,1.776473759928272,2.2868336396818307,2.2868336396818307,437285853.52589554,440467997.0150747,432724813.9253721,437285853.52589554,440467997.0150747,432724813.9253721,2.079993741004728
cpp,osc,run,scalar,double,O3,48000,64,0,1,50,620000,628,0.099945579,161.20254677419354,159.6083,164.7375,5.129199999999997,3.181835586744661,2.518789793346774,2.518789793346774,397016060.1100725,400981653.2097642,388496851.05091435,397016060.1100725,400981653.2097642,388496851.05091435,-0.865588292479515
cpp,osc,run,scalar,single,O3,48000,64,0,1,50,480000,482,0.10136246,211.17179166666668,174.6666,257.0333,82.36670000000002,39.00459400847217,3.299559244791667,3.299559244791667,303070781.8259343,366412353.5925014,248994974.5811146,303070781.8259343,366412353.5925014,248994974.5811146,-5.214942824095488
cpp,osc,run,vec,double,O3,48000,64,0,1,50,600000,602,0.1006892089999999,167.81534833333333,165.8333,169.4792,3.6458999999999833,2.172566476314249,2.6221148177083333,2.6221148177083333,381371552.93374085,385929725.81502026,377627461.06896895,381371552.93374085,385929725.81502026,377627461.06896895,-11.010009929537771
cpp,osc,run,vec,single,O3,48000,64,0,1,50,610000,614,0.0999467949999999,163.8472049180328,163.0666,165.2834,2.2168000000000063,1.352967846542757,2.5601125768442623,2.5601125768442623,390607822.89216983,392477674.76601595,387213718.98206353,390607822.89216983,392477674.76601595,387213718.98206353,-5.2584980465471745
mojo,osc,run,scalar,double,O3,48000,64,0,1,50,630000,635,0.099951999998666,158.6539682518508,158.00000001036096,160.40000009525102,2.4000000848900527,1.512726162058701,2.478968253935169,2.478968253935169,403393628.947276,405063291.1126782,399002493.5286447,403393628.947276,405063291.1126782,399002493.5286447,-11.010009929537771
mojo,osc,run,scalar,single,O3,48000,64,0,1,50,630000,632,0.1002190000017435,159.0777777805453,155.5999999254709,164.70000009576324,9.100000170292333,5.720472272906766,2.48559027782102,2.48559027782102,402318921.5547803,411311054.1815851,388585306.3921543,402318921.5547803,411311054.1815851,388585306.3921543,-10.75265546888113
mojo,osc,run,vec,double,O3,48000,64,0,1,50,310000,316,0.098878999999215,318.9645161265,317.39999994897516,322.4000000045635,5.000000055588316,1.5675725050260252,4.983820564476562,4.983820564476562,200649278.4125801,201638311.31155816,198511166.25029185,200649278.4125801,201638311.31155816,198511166.25029185,-0.8655882924795151
mojo,osc,run,vec,single,O3,48000,64,0,1,50,310000,319,0.0985909999999421,318.03548387078115,316.1000000545755,322.5999998903717,6.499999835796189,2.0437970495258195,4.9693044354809555,4.9693044354809555,201235406.8830993,202467573.51771665,198388096.78161484,201235406.8830993,202467573.51771665,198388096.78161484,0.6936800265684724
cpp,panpot,run,scalar,double,O3,48000,64,1,2,50,1000000,1000,0.0106302889999999,10.630289,10.5875,11.4167,0.8292,7.800352370476477,0.1660982656249999,0.0830491328124999,6020532461.535152,6044864226.682408,5605823048.691829,12041064923.070305,12089728453.364817,11211646097.383656,2.941564236418344
cpp,panpot,run,scalar,single,O3,48000,64,1,2,50,1000000,1000,0.0070829559999999,7.082956,6.5166,7.6375,1.1208999999999998,15.825313612000413,0.1106711875,0.05533559375,9035775458.72091,9821072338.33594,8379705400.981997,18071550917.441814,19642144676.671883,16759410801.963991,2.9415641624946147
cpp,panpot,run,vec,double,O3,48000,64,1,2,50,1000000,1000,0.024245374,24.245374,23.8,25.9791,2.1790999999999983,8.98769389987549,0.37883396875,0.189416984375,2639678810.481537,2689075630.252101,2463518751.6118727,5279357620.963074,5378151260.504202,4927037503.223745,2.941564236418344
cpp,panpot,run,vec,single,O3,48000,64,1,2,50,1000000,1000,0.0196925409999999,19.692541,18.9833,20.5375,1.5542000000000016,7.892328369406477,0.3076959531249999,0.1538479765624999,3249961495.573375,3371384322.009345,3116250760.803408,6499922991.14675,6742768644.01869,6232501521.606816,2.9415641624946147
mojo,panpot,run,scalar,double,O3,48000,64,1,2,50,1000000,1000,0.0171680000003107,17.168000000310712,15.699999858043157,19.299999985378236,3.600000127335079,20.96924584849677,0.2682500000048549,0.1341250000024274,3727865796.763846,4076433157.877553,3316062178.6780663,7455731593.527692,8152866315.755106,6632124357.3561325,2.941564236418344
mojo,panpot,run,scalar,single,O3,48000,64,1,2,50,1000000,1000,0.0163809999976365,16.380999997636525,15.19999987067422,17.100000150094274,1.9000002794200552,11.598805199280816,0.2559531249630707,0.1279765624815353,3906965387.2922273,4210526351.61379,3742690025.628284,7813930774.584455,8421052703.22758,7485380051.256568,2.9415641624946147
mojo,panpot,run,vec,double,O3,48000,64,1,2,50,1000000,1000,0.0359619999981077,35.96199999810777,35.399999978835694,37.59999999601859,2.2000000171829015,6.117568592677437,0.5619062499704339,0.2809531249852169,1779656303.9699545,1807909605.600654,1702127659.7547038,3559312607.9399085,3615819211.201308,3404255319.5094075,2.941564236418344
mojo,panpot,run,vec,single,O3,48000,64,1,2,50,1000000,1000,0.0346170000029815,34.61700000298151,34.19999993639067,36.39999995357357,2.2000000171829015,6.355259025893112,0.5408906250465861,0.270445312523293,1848802611.274454,1871345032.720322,1758241760.4843102,3697605222.548908,3742690065.440644,3516483520.9686203,2.9415641624946147
cpp,parametric_eq,run,scalar,double,O3,48000,64,1,2,50,126050,1000,2.0097910010000004,15944.395089250298,15330.478087649402,16149.339738662567,818.8616510131651,5.135733569254321,249.1311732695359,124.56558663476795,4013949.70720142,4174690.419574059,3963010.3171821847,8027899.41440284,8349380.839148118,7926020.634364369,0.2039937123190611
cpp,parametric_eq,run,scalar,single,O3,48000,64,1,2,50,128750,1000,1.8858944129999995,14647.723596116504,14102.08553157474,14881.354559748428,779.2690281736886,5.320069177030985,228.8706811893204,114.4353405946602,4369279.60717173,4538335.826761455,4300683.767935298,8738559.21434346,9076671.65352291,8601367.535870597,-0.0515121119788091
cpp,parametric_eq,run,vec,double,O3,48000,64,1,2,50,140050,1000,1.5925604590000004,11371.370646197787,10936.168323863636,11505.592920353982,569.4245964903457,5.007528240940265,177.67766634684045,88.83883317342021,5628169.373003376,5852141.088606567,5562512.114154563,11256338.746006751,11704282.177213134,11125024.228309128,0.0043564451771089
cpp,parametric_eq,run,vec,single,O3,48000,64,1,2,50,143650,1000,1.5106188340000002,10515.968214410024,10213.372297297296,10679.395267919275,466.02297062197977,4.431574545683667,164.31200335015663,82.15600167507831,6085982.640409738,6266294.631885291,5992848.69549261,12171965.280819476,12532589.263770582,11985697.39098522,0.205703728905064
mojo,parametric_eq,run,scalar,double,O3,48000,64,1,2,50,127050,1000,2.0048940000015136,15780.3541912752,15221.020092260507,15982.800982764751,761.7808905042439,4.82740045800382,246.56803423867495,123.28401711933748,4055675.761408763,4204711.616703163,4004304.3812542735,8111351.522817527,8409423.233406326,8008608.762508547,0.2174843955581309
mojo,parametric_eq,run,scalar,single,O3,48000,64,1,2,50,129350,1000,1.8903919999993375,14614.549671428971,14105.019305752228,14830.849478644112,725.830172891885,4.966490170483065,228.3523386160777,114.17616930803884,4379197.542098623,4537391.875380128,4315329.3472607685,8758395.084197246,9074783.750760255,8630658.694521537,-0.0121192493388662
mojo,parametric_eq,run,vec,double,O3,48000,64,1,2,50,119950,1000,2.426846000002115,20232.146727820887,19765.442403924757,20601.806239899182,836.3638359744291,4.133836350763309,316.12729262220137,158.06364631110068,3163282.713445068,3237974.5766425007,3106523.7316935947,6326565.426890136,6475949.153285001,6213047.463387189,-0.0199257843196392
mojo,parametric_eq,run,vec,single,O3,48000,64,1,2,50,119550,1000,2.3830760000000737,19933.718109578196,19530.30303056428,20207.75862014301,677.4555895787271,3.3985410341144946,311.4643454621593,155.73217273107966,3210640.365644974,3276958.882811092,3167100.3797623096,6421280.731289949,6553917.765622184,6334200.759524619,0.076567321884795
cpp,peakNotch,run,scalar,double,O3,48000,64,1,1,50,560000,561,0.100657169,179.74494464285715,178.8125,182.3625,3.5500000000000114,1.9750207757184253,2.808514760044643,2.808514760044643,356060083.5097994,357916812.30339044,350949345.39721704,356060083.5097994,357916812.30339044,350949345.39721704,2.0800000071758404
cpp,peakNotch,run,scalar,single,O3,48000,64,1,1,50,360000,362,0.1009275429999999,280.3542861111111,278.375,283.0375,4.662500000000023,1.6630742710144133,4.380535720486111,4.380535720486111,228282580.90063685,229905702.73911092,226118447.20222583,228282580.90063685,229905702.73911092,226118447.20222583,2.0800005956552923
cpp,peakNotch,run,vec,double,O3,48000,64,1,1,50,660000,664,0.1001117939999999,151.68453636363637,150.9959,153.7334,2.737499999999983,1.8047324174412345,2.3700708806818183,2.3700708806818183,421928309.465716,423852568.1823149,416305110.0151301,421928309.465716,423852568.1823149,416305110.0151301,2.0800000071758404
cpp,peakNotch,run,vec,single,O3,48000,64,1,1,50,670000,674,0.100095081,149.3956432835821,147.7291,151.4916,3.7625000000000166,2.5184804036474193,2.3343069263059704,2.3343069263059704,428392679.95597106,433225410.5656909,422465668.0634438,428392679.95597106,433225410.5656909,422465668.0634438,2.0800005956552923
mojo,peakNotch,run,scalar,double,O3,48000,64,1,1,50,680000,682,0.1003899999996065,147.63235294059783,146.90000007249182,149.4000000093365,2.499999936844688,1.6933957137773192,2.3067555146968415,2.3067555146968415,433509313.67836016,435670523.95110583,428380187.38956106,433509313.67836016,435670523.95110583,428380187.38956106,2.0800000071758404
mojo,peakNotch,run,scalar,single,O3,48000,64,1,1,50,760000,762,0.1003659999987576,132.06052631415483,130.99999996484257,133.800000003248,2.8000000384054147,2.120239950993818,2.063445723658669,2.063445723658669,484626267.8656327,488549618.4517263,478325859.48016745,484626267.8656327,488549618.4517263,478325859.48016745,2.080001440946944
mojo,peakNotch,run,vec,double,O3,48000,64,1,1,50,660000,669,0.099543000000267,150.82272727313187,148.9999998739222,153.40000009018695,4.400000216264743,2.9173323515736316,2.3566051136426855,2.3566051136426855,424339230.2812521,429530201.705733,417209908.4900464,424339230.2812521,429530201.705733,417209908.4900464,2.0800000071758404
mojo,peakNotch,run,vec,single,O3,48000,64,1,1,50,680000,687,0.0991910000011557,145.86911764875848,144.9999999749707,148.59999992040684,3.5999999454361387,2.467965806240536,2.279204963261851,2.279204963261851,438749483.314947,441379310.42101663,430686406.6909804,438749483.314947,441379310.42101663,430686406.6909804,2.0800005956552923
cpp,phaser_flanger,run,scalar,double,O3,48000,64,1,2,50,136750,1000,1.698904663000001,12423.434464351005,11989.188163884672,12588.926093514328,599.7379296296531,4.827472880793138,194.11616350548445,97.05808175274224,5151554.522515307,5338142.92720743,5083833.166116694,10303109.045030614,10676285.85441486,10167666.332233388,-0.0455099238722596
cpp,phaser_flanger,run,scalar,single,O3,48000,64,1,2,50,137650,1000,1.6150403759999998,11732.94860879041,11361.432490974728,11928.369728915664,566.9372379409342,4.832009896610139,183.32732201235015,91.66366100617508,5454724.309629273,5633092.486430755,5365360.183701973,10909448.619258543,11266184.97286151,10730720.367403949,0.0555087137036025
cpp,phaser_flanger,run,vec,double,O3,48000,64,1,2,50,138350,1000,1.6132160770000006,11660.398099024214,11184.623813002192,11804.761904761905,620.1380917597126,5.318326925832901,182.19372029725335,91.09686014862667,5488663.376369263,5722141.492644537,5421540.943929004,10977326.752738526,11444282.985289074,10843081.887858007,0.2557172854503733
cpp,phaser_flanger,run,vec,single,O3,48000,64,1,2,50,142591,997,1.4565437490000002,10214.836483368515,9800.23602484472,10373.665777184788,573.4297523400692,5.6136948767971955,159.60682005263303,79.80341002631653,6265396.426482483,6530454.964324601,6169468.091092516,12530792.852964966,13060909.928649202,12338936.182185031,-0.0583529328287113
mojo,phaser_flanger,run,scalar,double,O3,48000,64,1,2,50,136550,1000,1.6796610000001235,12300.703039180691,11755.988024054308,12474.157303811073,718.169279756763,5.8384409205654455,192.19848498719833,96.09924249359916,5202954.643823579,5444034.127037858,5130607.097639124,10405909.287647158,10888068.254075715,10261214.195278248,-0.0184011960845964
mojo,phaser_flanger,run,scalar,single,O3,48000,64,1,2,50,141150,1000,1.6164539999990666,11452.029755572556,10985.785358574743,11600.873999062584,615.0886404878383,5.371001068072987,178.9379649308212,89.4689824654106,5588528.965256801,5825710.034471593,5516825.715473814,11177057.930513602,11651420.068943186,11033651.430947628,-0.037499523779843
mojo,phaser_flanger,run,vec,double,O3,48000,64,1,2,50,123050,1000,2.1737280000015744,17665.40430720499,17059.26544175255,17972.447326642403,913.1818848898548,5.169323435849161,276.02194230007797,138.01097115003898,3622900.381277831,3751626.951261337,3561006.4025685713,7245800.762555662,7503253.902522674,7122012.805137143,0.0529480411169061
mojo,phaser_flanger,run,vec,single,O3,48000,64,1,2,50,124550,1000,2.124804999999469,17059.85547972276,16487.30548674038,17361.436378015667,874.1308912752866,5.123905605849201,266.5602418706681,133.28012093533405,3751497.196214237,3881774.3779582935,3686330.935212338,7502994.392428474,7763548.755916587,7372661.870424676,0.0559253204119158
cpp,phasor,run,scalar,double,O3,48000,64,0,3,50,650000,652,0.100502292,154.61891076923078,147.35,160.4375,13.087500000000006,8.464359200882706,2.415920480769231,0.8053068269230769,413920908.3908255,434340006.7865626,398909232.56719905,1241762725.1724763,1303020020.3596878,1196727697.7015972,76.04791655787267
cpp,phasor,run,scalar,single,O3,48000,64,0,3,50,640000,643,0.099202668,155.00416875,151.4541,156.5958,5.141699999999986,3.3171365915279525,2.42194013671875,0.8073133789062499,412892121.00626147,422570270.46478105,408695507.7977826,1238676363.0187843,1267710811.3943431,1226086523.3933475,72.96458395570517
cpp,phasor,run,vec,double,O3,48000,64,0,3,50,970000,975,0.100698878,103.8132762886598,95.5209,106.9292,11.408299999999995,10.989249552512389,1.6220824420103093,0.5406941473367697,616491476.697486,670010437.5063468,598526875.7271167,1849474430.092458,2010031312.5190408,1795580627.1813502,68.50624988623895
cpp,phasor,run,vec,single,O3,48000,64,0,3,50,930000,936,0.0990567879999999,106.5126752688172,98.6833,109.9042,11.220900000000016,10.534802521559666,1.6642605510752688,0.5547535170250895,600867453.9295582,648539317.1894333,582325334.245643,1802602361.7886744,1945617951.5683,1746976002.7369287,74.53750110417604
mojo,phasor,run,scalar,double,O3,48000,64,0,3,50,640000,642,0.1004439999996975,156.94374999952743,156.39999983250163,160.7000000149128,4.300000182411168,2.7398352482492068,2.4522460937426165,0.8174153645808722,407789414.9986394,409207161.5635648,398257622.8628554,1223368244.9959185,1227621484.6906943,1194772868.588566,76.10624990658835
mojo,phasor,run,scalar,single,O3,48000,64,0,3,50,650000,651,0.1006589999997231,154.85999999957411,154.19999999721767,156.69999993406236,2.499999936844688,1.614361317868761,2.4196874999933455,0.8065624999977818,413276507.8146456,415045395.5976316,408423739.8017262,1239829523.4439368,1245136186.7928948,1225271219.4051783,74.7895850688219
mojo,phasor,run,vec,double,O3,48000,64,0,3,50,520000,528,0.0995309999998426,191.40576923046655,182.30000005132752,217.89999991597145,35.599999864643905,18.599230319844175,2.99071514422604,0.9969050480753466,334368186.79660237,351069665.2878797,293712712.3665914,1003104560.389807,1053208995.8636392,881138137.0997741,74.79374985047616
mojo,phasor,run,vec,single,O3,48000,64,0,3,50,650000,659,0.0994919999993726,153.0646153836502,152.29999989969656,154.8000000184402,2.5000001187436283,1.6332972271073103,2.3916346153695343,0.7972115384565114,418124070.2796437,420223243.87491685,413436692.45721024,1254372210.838931,1260669731.6247506,1240310077.371631,77.13541784882545
cpp,phasor_sine,run,scalar,double,O3,48000,64,0,1,50,450000,451,0.100869873,224.15527333333333,208.6291,227.3,18.670900000000017,8.329449368891352,3.5024261458333332,3.5024261458333332,285516370.185179,306764492.5851667,281566212.05455345,285516370.185179,306764492.5851667,281566212.05455345,9.248172003775837
cpp,phasor_sine,run,scalar,single,O3,48000,64,0,1,50,460000,469,0.0984582489999999,214.03967173913043,212.775,216.0917,3.3166999999999973,1.5495725502898177,3.344369870923913,3.344369870923913,299009989.5032665,300787216.5432969,296170560.92390406,299009989.5032665,300787216.5432969,296170560.92390406,25.850855382159352
cpp,phasor_sine,run,vec,double,O3,48000,64,0,1,50,380000,388,0.0990032509999999,260.53487105263156,258.9834,262.6542,3.6707999999999856,1.4089476718294782,4.070857360197368,4.070857360197368,245648498.95686764,247120085.68888968,243666387.2117788,245648498.95686764,247120085.68888968,243666387.2117788,9.248172083869576
cpp,phasor_sine,run,vec,single,O3,48000,64,0,1,50,480000,485,0.0993170389999999,206.91049791666663,198.80420000000004,210.8583,12.054099999999975,5.825755638969452,3.2329765299479165,3.2329765299479165,309312483.6313335,321924788.30930126,303521369.5642998,309312483.6313335,321924788.30930126,303521369.5642998,-6.658350170357153
mojo,phasor_sine,run,scalar,double,O3,48000,64,0,1,50,450000,455,0.0994570000002568,221.01555555612632,219.4999999119318,223.49999999278225,4.000000080850441,1.809827399155464,3.4533680555644737,3.4533680555644737,289572378.0118607,291571754.1033175,286353467.57076883,289572378.0118607,291571754.1033175,286353467.57076883,-32.46360518803339
mojo,phasor_sine,run,scalar,single,O3,48000,64,0,1,50,540000,540,0.1018409999996947,188.5944444438792,187.49999999272404,190.49999991693767,2.9999999242136255,1.5907148978115035,2.946788194435612,2.946788194435612,339352520.10588646,341333333.34657884,335958005.39582914,339352520.10588646,341333333.34657884,335958005.39582914,13.19671313278377
mojo,phasor_sine,run,vec,double,O3,48000,64,0,1,50,300000,309,0.0983730000007199,327.9100000023996,325.8000000641914,330.70000008592615,4.900000021734741,1.4943124704031236,5.123593750037494,5.123593750037494,195175505.47263467,196439533.41740417,193528878.0869997,195175505.47263467,196439533.41740417,193528878.0869997,23.215433092787865
mojo,phasor_sine,run,vec,single,O3,48000,64,0,1,50,330000,335,0.1004699999994045,304.4545454527411,301.2999999555177,307.9000000070664,6.6000000515487045,2.167811303895671,4.75710227269908,4.75710227269908,210212003.58440503,212412877.5620598,207859694.70130295,210212003.58440503,212412877.5620598,207859694.70130295,-2.4570492319762707
cpp,pitch_shifter,run,scalar,double,O3,48000,64,1,1,50,280000,286,0.0992299159999999,354.39255714285713,352.325,358.1166,5.791600000000017,1.6342329665985051,5.537383705357143,5.537383705357143,180590700.08685693,181650464.76974383,178712743.27970275,180590700.08685693,181650464.76974383,178712743.27970275,2.0800000071758404
cpp,pitch_shifter,run,scalar,single,O3,48000,64,1,1,50,290000,298,0.0982520809999999,338.8002793103448,336.875,341.5917,4.716700000000003,1.3921771285434663,5.293754364224138,5.293754364224138,188901851.351118,189981447.12430423,187358182.29775488,188901851.351118,189981447.12430423,187358182.29775488,2.0800000071758404
cpp,pitch_shifter,run,vec,double,O3,48000,64,1,1,50,230000,232,0.0999337919999999,434.49474782608695,426.875,440.225,13.350000000000025,3.0725342634851738,6.788980434782609,6.788980434782609,147297522.74385828,149926793.55783308,145380203.30512804,147297522.74385828,149926793.55783308,145380203.30512804,2.0800000071758404
cpp,pitch_shifter,run,vec,single,O3,48000,64,1,1,50,250000,253,0.099716459,398.865836,394.8875,401.8916,7.004099999999994,1.756003991276905,6.2322786875,6.2322786875,160454955.58561698,162071476.0533063,159246921.30912915,160454955.58561698,162071476.0533063,159246921.30912915,2.0800000071758404
mojo,pitch_shifter,run,scalar,double,O3,48000,64,1,1,50,168550,203,0.1007959999988088,598.0183921614291,597.6520811108916,599.4304699136924,1.778388802800805,0.2973802856419082,9.34403737752233,9.34403737752233,107020119.84729037,107085714.28554116,106768012.65910771,107020119.84729037,107085714.28554116,106768012.65910771,2.0800000071758404
mojo,pitch_shifter,run,scalar,single,O3,48000,64,1,1,50,177610,203,0.100934000000052,568.2900737574013,567.725940875713,570.5272646301318,2.8013237544187177,0.4929390611905324,8.879532402459395,8.879532402459395,112618542.8100951,112730448.60567842,112176935.21008272,112618542.8100951,112730448.60567842,112176935.21008272,2.0800000071758404
mojo,pitch_shifter,run,vec,double,O3,48000,64,1,1,50,130720,197,0.1038360000002285,794.339045289386,781.2863795733497,825.4175746153815,44.13119504203178,5.555712677570107,12.411547582646657,12.411547582646657,80570129.81992361,81916185.50287485,77536512.38868034,80570129.81992361,81916185.50287485,77536512.38868034,2.0800000071758404
mojo,pitch_shifter,run,vec,single,O3,48000,64,1,1,50,136629,198,0.0992059999989578,726.0976805726297,699.888796237762,747.3947478359647,47.50595159820273,6.542639216356901,11.345276258947338,11.345276258947338,88142410.74221174,91443098.30937529,85630786.3887297,88142410.74221174,91443098.30937529,85630786.3887297,2.0800000071758404
cpp,quadecho,run,scalar,double,O3,48000,64,4,4,50,1000000,1000,0.0819950839999999,81.995084,81.0167,82.8833,1.8666000000000056,2.276477941043398,1.2811731875,0.320293296875,780534598.8791231,789960588.3725207,772170027.0138857,3122138395.5164924,3159842353.4900827,3088680108.055543,47936011.497558594
cpp,quadecho,run,scalar,single,O3,48000,64,4,4,50,1000000,1000,0.082638549,82.638549,78.3334,84.0667,5.7333,6.9378033246929345,1.291227328125,0.3228068320312499,774456966.808553,817020581.2590798,761300253.2512873,3097827867.234212,3268082325.0363193,3045201013.0051494,47937206.09863281
cpp,quadecho,run,vec,double,O3,48000,64,4,4,50,1000000,1000,0.0912735459999999,91.273546,90.45,93.0458,2.595799999999997,2.8439784732369193,1.42614915625,0.3565372890624999,701188929.375002,707573244.8866777,687833303.5988728,2804755717.500008,2830292979.546711,2751333214.395491,47936011.497558594
cpp,quadecho,run,vec,single,O3,48000,64,4,4,50,1000000,1000,0.0925762529999999,92.576253,88.3833,94.0709,5.687599999999989,6.143692162611063,1.446503953125,0.3616259882812499,691321995.9334499,724118696.6316035,680337915.3383247,2765287983.7337995,2896474786.526414,2721351661.3532987,47937206.09863281
mojo,quadecho,run,scalar,double,O3,48000,64,4,4,50,1000000,1000,0.094612999999299,94.61299999929908,93.69999988848576,96.30000004108297,2.600000152597204,2.7480369004433487,1.478328124989048,0.369582031247262,676439812.7157382,683030950.6528034,664589823.1848046,2705759250.8629527,2732123802.6112137,2658359292.739218,47936011.497558594
mojo,quadecho,run,scalar,single,O3,48000,64,4,4,50,1000000,1000,0.0805829999990237,80.58299999902377,76.30000000062864,82.99999990413198,6.69999990350334,8.314408626614183,1.2591093749847464,0.3147773437461866,794212178.7570003,838794233.2827352,771084338.240028,3176848715.0280013,3355176933.130941,3084337352.960112,47937206.09863281
mojo,quadecho,run,vec,double,O3,48000,64,4,4,50,520000,526,0.0993929999985994,191.1403846126912,183.5999999457272,192.7000001160195,9.100000170292333,4.7608987439947414,2.9865685095733,0.746642127393325,334832432.87222403,348583878.0986854,332122469.9609098,1339329731.488896,1394335512.3947415,1328489879.8436391,25123388.158203125
mojo,quadecho,run,vec,single,O3,48000,64,4,4,50,530000,532,0.1005060000006778,189.63396226542991,188.90000010287625,190.60000013269016,1.700000029813964,0.8964639084187253,2.963030660397343,0.7407576650993357,337492289.0152948,338803599.603733,335781741.63402444,1349969156.0611792,1355214398.414932,1343126966.5360978,25412655.638671875
cpp,spat,run,scalar,double,O3,48000,64,1,8,50,900000,902,0.1000423749999999,111.15819444444443,102.4833,113.7042,11.2209,10.094532441877757,1.7368467881944445,0.2171058485243055,575756023.3850908,624491990.4023387,562863992.7109113,4606048187.080727,4995935923.21871,4502911941.68729,3.766173154232092
cpp,spat,run,scalar,single,O3,48000,64,1,8,50,280000,288,0.0982708779999999,350.9674214285714,345.2959,354.2667,8.970799999999997,2.5560207165341486,5.483865959821428,0.6854832449776785,182353107.70297587,185348276.65199617,180654856.91994193,1458824861.623807,1482786213.215969,1445238855.3595357,3.7636889212881215
cpp,spat,run,vec,double,O3,48000,64,1,8,50,350000,355,0.100652831,287.5795171428571,285.175,290.4625,5.287499999999966,1.8386219062233713,4.493429955357143,0.5616787444196428,222547143.2591896,224423599.54413956,220338253.6472006,1780377146.0735168,1795388796.3531165,1762706029.177605,3.766173154232092
cpp,spat,run,vec,single,O3,48000,64,1,8,50,420000,427,0.1012750849999999,241.13115476190475,239.15,243.9042,4.754199999999997,1.971624116632436,3.7676742931547618,0.4709592866443452,265415723.9166968,267614467.9071712,262398105.4856784,2123325791.3335743,2140915743.2573695,2099184843.8854272,3.7636889212881215
mojo,spat,run,scalar,double,O3,48000,64,1,8,50,1000000,1000,0.0855429999974148,85.5429999974149,84.29999998043058,87.29999990464421,2.9999999242136255,3.5070080828405423,1.3366093749596075,0.1670761718699509,748161743.2394712,759193357.234365,733104239.0596304,5985293945.91577,6073546857.87492,5864833912.477043,3.766173154232092
mojo,spat,run,scalar,single,O3,48000,64,1,8,50,1000000,1000,0.0767100000011851,76.71000000118514,75.30000002589077,79.10000003903406,3.80000001314329,4.953721826469275,1.1985937500185178,0.1498242187523147,834311041.5723015,849933598.6453462,809102401.6234823,6674488332.578412,6799468789.162769,6472819212.987859,3.7636889212881215
mojo,spat,run,vec,double,O3,48000,64,1,8,50,171019,196,0.1012579999987792,592.0862594143298,584.2134519214853,597.223764557124,13.010312635638684,2.1973677701130936,9.251347803348905,1.1564184754186129,108092358.13596904,109549000.950771,107162513.94895464,864738865.0877522,876392007.6061679,857300111.591637,3.766173154232092
mojo,spat,run,vec,single,O3,48000,64,1,8,50,141284,197,0.0970019999986107,686.5745590343613,673.8925540693866,701.3860853221153,27.493531252728644,4.004449464512224,10.727727484911895,1.340965935613987,93216387.29231878,94970629.388213,91247889.48530062,745731098.3385502,759765035.105704,729983115.8824049,3.7636889212881215
cpp,spectral_level,run,scalar,double,O3,48000,64,1,2,50,121650,1000,2.274625331,18698.112050965887,18034.64947622885,18955.81444164567,921.164965416825,4.926513237839114,292.158000796342,146.079000398171,3422805.4589443947,3548724.3644162454,3376272.763010005,6845610.917888789,7097448.728832491,6752545.52602001,4.160000014351681
cpp,spectral_level,run,scalar,single,O3,48000,64,1,2,50,124150,1000,2.1997693359999992,17718.641449859042,17208.906957928804,17993.332006369426,784.425048440622,4.42711734226589,276.85377265404753,138.42688632702377,3612015.073565878,3719004.3595716422,3556873.1782053905,7224030.147131755,7438008.7191432845,7113746.356410781,4.160000014351681
cpp,spectral_level,run,vec,double,O3,48000,64,1,2,50,123750,1000,2.2294901210000004,18016.081785858587,17457.450117831893,18190.509177972865,733.0590601409712,4.068915032992209,281.5012779040404,140.7506389520202,3552381.742085323,3666056.5871889424,3518318.2270399816,7104763.484170646,7332113.174377885,7036636.454079963,4.160000014351681
cpp,spectral_level,run,vec,single,O3,48000,64,1,2,50,125450,1000,2.0571096639999995,16397.845069748902,15746.986635220126,16635.17888100867,888.192245788543,5.416518097412075,256.2163292148266,128.1081646074133,3902951.8651855406,4064269.6588600585,3847268.5179877896,7805903.730371081,8128539.317720117,7694537.035975579,4.160000014351681
mojo,spectral_level,run,scalar,double,O3,48000,64,1,2,50,121850,1000,2.291289999999208,18804.18547393687,18025.10460380808,19043.881856523974,1018.777252715896,5.417821761692097,293.81539803026357,146.90769901513178,3403497.593060109,3550603.5280637997,3360659.369879211,6806995.186120218,7101207.056127599,6721318.739758422,4.160000014351681
mojo,spectral_level,run,scalar,single,O3,48000,64,1,2,50,124550,1000,2.206302999999025,17714.195102360703,17122.611464279762,17982.017200070535,859.4057357907732,4.851508808753289,276.784298474386,138.392149237193,3612921.7065849626,3737747.6054697167,3559111.2658789447,7225843.413169925,7475495.210939433,7118222.531757889,4.160000014351681
mojo,spectral_level,run,vec,double,O3,48000,64,1,2,50,112050,1000,3.260388000000603,29097.617135212873,28196.92863644593,29661.723819217776,1464.7951827718498,5.034072638887011,454.65026773770114,227.32513386885057,2199492.821099413,2269750.7528276267,2157662.865114216,4398985.642198826,4539501.505655253,4315325.7302284315,4.160000014351681
mojo,spectral_level,run,vec,single,O3,48000,64,1,2,50,113050,1000,3.1376860000000306,27754.8518354713,27120.626150270447,28226.014760934373,1105.3886106639256,3.982686044287273,433.6695599292391,216.8347799646195,2305903.1400847407,2359827.521879018,2267411.83769867,4611806.280169481,4719655.043758036,4534823.67539734,4.160000014351681
cpp,spectral_tilt,run,scalar,double,O3,48000,64,1,1,50,137150,1000,1.6483519969999998,12018.60734232592,11415.764002987304,12188.062218890553,772.298215903249,6.42585445972136,187.7907397238425,187.7907397238425,5325076.207008715,5606282.679219046,5251039.816715487,5325076.207008715,5606282.679219046,5251039.816715487,0.0784059652833093
cpp,spectral_tilt,run,scalar,single,O3,48000,64,1,1,50,139450,1000,1.5925941290000003,11420.538752240947,10991.988346686088,11601.564549895324,609.5762032092371,5.33754331939573,178.4459180037648,178.4459180037648,5603938.779809478,5822422.475483701,5516497.3417811515,5603938.779809478,5822422.475483701,5516497.3417811515,-0.0036678194082924
cpp,spectral_tilt,run,vec,double,O3,48000,64,1,1,50,143254,999,1.4861814160000004,10374.449690759073,9956.656073446327,10484.825675675676,528.169602229349,5.091061386126441,162.10077641811048,162.10077641811048,6169001.914097409,6427860.87295747,6104059.5217979755,6169001.914097409,6427860.87295747,6104059.5217979755,0.0001387763968523
cpp,spectral_tilt,run,vec,single,O3,48000,64,1,1,50,141003,967,1.300801752,9225.348056424333,8852.099247091033,9382.213049267642,530.1138021766092,5.746274275336956,144.14606338163017,144.14606338163017,6937407.630428837,7229923.458103072,6821418.322513548,6937407.630428837,7229923.458103072,6821418.322513548,-0.023695481755567
mojo,spectral_tilt,run,scalar,double,O3,48000,64,1,1,50,136750,1000,1.6444460000002437,12025.19926874036,11585.348505855658,12193.870277981076,608.5217721254194,5.060388260735758,187.89373857406812,187.89373857406812,5322157.127688415,5524218.798221915,5248538.69534492,5322157.127688415,5524218.798221915,5248538.69534492,0.0157989675353746
mojo,spectral_tilt,run,scalar,single,O3,48000,64,1,1,50,140150,1000,1.6159390000011626,11530.067784524888,11222.84513038662,11736.121125426194,513.2759950395739,4.451630334111901,180.15730913320135,180.15730913320135,5550704.57485929,5702653.761719978,5453249.784662209,5550704.57485929,5702653.761719978,5453249.784662209,-0.0219778504815622
mojo,spectral_tilt,run,vec,double,O3,48000,64,1,1,50,124150,1000,2.1635220000025583,17426.677406383875,16830.733228958314,17735.927152994882,905.1939240365682,5.194300111993641,272.29183447474804,272.29183447474804,3672530.253905717,3802567.5488625807,3608494.7489871136,3672530.253905717,3802567.5488625807,3608494.7489871136,0.0770380561334604
mojo,spectral_tilt,run,vec,single,O3,48000,64,1,1,50,125250,1000,2.087265000001935,16664.790419177123,16199.513381111585,16952.883835716355,753.3704546047702,4.520731648312984,260.38735029964255,260.38735029964255,3840432.336091761,3950735.956959246,3775168.910505051,3840432.336091761,3950735.956959246,3775168.910505051,0.0128106343208855
cpp,stereoecho,run,scalar,double,O3,48000,64,2,2,50,1000000,1000,0.027463248,27.463248,26.8541,28.8834,2.0293000000000028,7.389147853159986,0.42911325,0.214556625,2330387141.389831,2383248740.4158025,2215805618.4521213,4660774282.779662,4766497480.831605,4431611236.9042425,749.0111175179482
cpp,stereoecho,run,scalar,single,O3,48000,64,2,2,50,1000000,1000,0.020584291,20.584291,20.3291,21.6583,1.3292000000000002,6.457351385092642,0.321629546875,0.1608147734375,3109167082.801151,3148196427.7808657,2954987233.531718,6218334165.602302,6296392855.561731,5909974467.063436,749.010758459568
cpp,stereoecho,run,vec,double,O3,48000,64,2,2,50,1000000,1000,0.0368100449999999,36.810045,34.6833,39.0,4.316699999999997,11.726962028978766,0.575156953125,0.2875784765625,1738655847.880654,1845268472.1465373,1641025641.025641,3477311695.7613077,3690536944.2930746,3282051282.051282,749.0111175179482
cpp,stereoecho,run,vec,single,O3,48000,64,2,2,50,1000000,1000,0.046608418,46.608418,46.2875,48.4333,2.1458000000000013,4.603889366079753,0.72825653125,0.364128265625,1373142508.2910986,1382662705.9141235,1321404901.173366,2746285016.582197,2765325411.828247,2642809802.346732,749.010758459568
mojo,stereoecho,run,scalar,double,O3,48000,64,2,2,50,1000000,1000,0.0453999999990628,45.39999999906285,44.60000000108266,47.000000085972715,2.4000000848900527,5.286343799426418,0.709374999985357,0.3546874999926785,1409691629.985046,1434977578.4405024,1361702125.1687398,2819383259.970092,2869955156.881005,2723404250.3374796,749.0111175179482
mojo,stereoecho,run,scalar,single,O3,48000,64,2,2,50,1000000,1000,0.0408490000008896,40.849000000889646,40.19999996671686,42.60000005160691,2.4000000848900527,5.875297032577991,0.6382656250139007,0.3191328125069503,1566745819.9369912,1592039802.3131363,1502347416.0203872,3133491639.8739824,3184079604.6262727,3004694832.0407743,749.010758459568
mojo,stereoecho,run,vec,double,O3,48000,64,2,2,50,1000000,1000,0.0958639999989827,95.86399999898272,95.39999991829971,97.6999999693362,2.300000051036477,2.3992322989452597,1.4978749999841052,0.7489374999920526,667612450.9792948,670859539.3585892,655066530.4000698,1335224901.9585896,1341719078.7171783,1310133060.8001397,749.0111175179482
mojo,stereoecho,run,vec,single,O3,48000,64,2,2,50,1000000,1000,0.0961729999999079,96.17299999990792,92.59999987989433,98.20000013860408,5.60000025870977,5.8228403592641715,1.5027031249985612,0.7513515624992806,665467438.886811,691144709.3197669,651731159.9762465,1330934877.773622,1382289418.6395338,1303462319.952493,749.010758459568
cpp,thru_zero_flanger,run,scalar,double,O3,48000,64,2,2,50,330000,333,0.100370249,304.1522696969697,302.7708,306.7417,3.970899999999972,1.305563165435597,4.752379214015152,2.376189607007576,210420918.6528968,211381018.24878752,208644602.28263715,420841837.3057936,422762036.49757504,417289204.5652743,0.00302079168614
cpp,thru_zero_flanger,run,scalar,single,O3,48000,64,2,2,50,280000,288,0.096470747,344.53838214285713,319.1875,355.6958,36.50830000000002,10.596294024757585,5.383412220982143,2.6917061104910713,185755791.85677913,200509105.1497944,179929029.24352774,371511583.71355826,401018210.2995888,359858058.4870555,-0.002513425424695
cpp,thru_zero_flanger,run,vec,double,O3,48000,64,2,2,50,177764,198,0.0989275439999999,556.510564568754,554.1947857677102,559.6149074965244,5.420121728814252,0.9739476793247152,8.695477571386782,4.347738785693391,115002309.1647762,115482862.06147288,114364358.67355353,230004618.3295524,230965724.1229458,228728717.34710705,-0.0024063880555331
cpp,thru_zero_flanger,run,vec,single,O3,48000,64,2,2,50,220000,221,0.102852373,467.5107863636364,465.6708,470.3208,4.650000000000034,0.9946294578930206,7.304856036931819,3.6524280184659097,136895237.21538246,137436145.87816113,136077332.7482008,273790474.4307649,274872291.75632226,272154665.4964016,0.0018984694033861
mojo,thru_zero_flanger,run,scalar,double,O3,48000,64,2,2,50,280000,283,0.0995600000005652,355.5714285734471,335.30000000610016,359.299999945506,23.999999939405825,6.749698657086664,5.555803571460111,2.7779017857300556,179991964.64341372,190873844.31504813,178124130.28028584,359983929.28682745,381747688.63009626,356248260.5605717,0.0030208060052245
mojo,thru_zero_flanger,run,scalar,single,O3,48000,64,2,2,50,280000,287,0.0987519999998767,352.685714285274,350.29999999096617,355.50000011426164,5.200000123295467,1.474400553431372,5.510714285707406,2.755357142853703,181464679.19659725,182700542.39694685,180028129.33735496,362929358.3931945,365401084.7938937,360056258.6747099,-0.0025125574320554
mojo,thru_zero_flanger,run,vec,double,O3,48000,64,2,2,50,110486,199,0.0974389999992126,881.9126405084145,853.8183071296963,892.3208191683921,38.50251203869573,4.365796595964356,13.779885007943976,6.889942503971988,72569546.07556662,74957399.56097978,71723082.80293794,145139092.15113324,149914799.12195957,143446165.60587588,-0.0029184189625084
mojo,thru_zero_flanger,run,vec,single,O3,48000,64,2,2,50,114245,194,0.097740999999587,855.538535599694,819.4115657449832,878.8474132432094,59.43584749822617,6.94718531370002,13.36778961874522,6.683894809372609,74806682.96856886,78104828.72768974,72822652.75586452,149613365.93713772,156209657.4553795,145645305.51172903,0.0027148555964231
cpp,vcf_wah_pedals,run,scalar,double,O3,48000,64,1,2,50,138350,1000,1.6179116250000003,11694.337730393929,11214.084507042253,11848.550682961895,634.4661759196442,5.425413482549319,182.7240270374051,91.36201351870255,5472734.025259258,5707108.766641548,5401504.514137023,10945468.050518516,11414217.533283096,10803009.028274046,9.898969110366806e-05
cpp,vcf_wah_pedals,run,scalar,single,O3,48000,64,1,2,50,139650,1000,1.5557788319999994,11140.557336197637,10684.131305637982,11364.203781512606,680.0724758746237,6.10447444729671,174.07120837808807,87.03560418904404,5744775.424480132,5990192.198988363,5631718.792663311,11489550.848960264,11980384.397976726,11263437.58532662,-6.772485587802635e-05
cpp,vcf_wah_pedals,run,vec,double,O3,48000,64,1,2,50,143254,999,1.4619641249999995,10205.3982785821,9852.758361774744,10333.560163154316,480.80180137957177,4.711249754834386,159.4593481028453,79.72967405142266,6271190.820089379,6495642.91034454,6193412.433809648,12542381.64017876,12991285.82068908,12386824.867619297,2.811462104124196e-06
cpp,vcf_wah_pedals,run,vec,single,O3,48000,64,1,2,50,140448,968,1.2706736610000002,9047.289110560492,8832.577000672494,9170.756348661633,338.1793479891385,3.7379080502069617,141.3638923525077,70.68194617625385,7073942.1740481,7245903.431708229,6978704.652789088,14147884.3480962,14491806.863416458,13957409.305578176,6.846455821829522e-05
mojo,vcf_wah_pedals,run,scalar,double,O3,48000,64,1,2,50,138050,1000,1.6367770000015298,11856.407098888303,11421.089880300671,12054.845980694095,633.7561003934261,5.345262650882232,185.25636092012977,92.62818046006488,5397925.312972837,5603668.360091317,5309068.245458826,10795850.625945674,11207336.720182637,10618136.490917653,4.554171220583214e-05
mojo,vcf_wah_pedals,run,scalar,single,O3,48000,64,1,2,50,141150,1000,1.585442999999941,11232.327311370464,10864.553314866664,11852.75196583174,988.1986509650742,8.797808535767317,175.5051142401635,87.75255712008175,5697839.657433497,5890716.1799670765,5399589.916712557,11395679.314866994,11781432.359934151,10799179.833425114,-5.059653668837427e-05
mojo,vcf_wah_pedals,run,vec,double,O3,48000,64,1,2,50,124450,1000,2.1076779999984865,16935.942145427776,16567.292644116056,17240.196078929846,672.9034348137902,3.97322705188536,264.624096022309,132.3120480111545,3778945.360726695,3863033.108353396,3712254.762474411,7557890.72145339,7726066.216706792,7424509.524948823,6.680401804404212e-06
mojo,vcf_wah_pedals,run,vec,single,O3,48000,64,1,2,50,125150,1000,2.095210000001316,16741.59009190025,16517.97385593038,17030.805686860156,512.8318309297756,3.063220566951337,261.5873451859414,130.7936725929707,3822814.896833715,3874567.2173964814,3757896.2015507095,7645629.793667431,7749134.434792963,7515792.403101419,-1.3669126884607865e-05
cpp,virtual_analog_oscillators,run,scalar,double,O3,48000,64,1,2,50,134650,1000,1.7107037879999998,12704.818329001117,12228.446685878962,13176.225609756097,947.7789238771348,7.459995879780923,198.5127863906424,99.2563931953212,5037458.887067129,5233698.248356044,4857233.163388791,10074917.774134258,10467396.496712089,9714466.32677758,0.0170108296752005
cpp,virtual_analog_oscillators,run,scalar,single,O3,48000,64,1,2,50,139250,1000,1.6391346669999998,11771.164574506283,11331.066176470587,11935.527259684362,604.461083213775,5.135100094708581,183.92444647666068,91.96222323833034,5437015.139403431,5648188.7055693455,5362142.669321212,10874030.27880686,11296377.411138693,10724285.338642424,-0.0210084494219699
cpp,virtual_analog_oscillators,run,vec,double,O3,48000,64,1,2,50,142050,1000,1.5324351710000002,10787.998387891588,10349.48275862069,10926.932412790698,577.4496541700082,5.352704305352286,168.5624748108061,84.28123740540305,5932518.49868956,6183883.91890316,5857087.56879321,11865036.99737912,12367767.83780632,11714175.13758642,-0.0098602358707466
cpp,virtual_analog_oscillators,run,vec,single,O3,48000,64,1,2,50,141409,972,1.337249752,9456.609918746331,9218.965931863728,9605.388813096864,386.4228812331348,4.086272824546866,147.75952998041143,73.87976499020571,6767752.98441035,6942210.273149541,6662926.534815183,13535505.9688207,13884420.54629908,13325853.069630366,-0.0089916759161496
mojo,virtual_analog_oscillators,run,scalar,double,O3,48000,64,1,2,50,135150,1000,1.6698320000014064,12355.397706262718,11841.984733040284,12539.47368496212,697.4889519218359,5.645216515922364,193.05308916035497,96.52654458017749,5179922.291579462,5404499.451973941,5103882.476084429,10359844.583158923,10808998.903947882,10207764.952168858,-0.0212252781093411
mojo,virtual_analog_oscillators,run,scalar,single,O3,48000,64,1,2,50,138550,1000,1.5987719999975525,11539.314326940112,11147.552447312532,11734.62088719916,587.068439886627,5.087550466634184,180.30178635843927,90.15089317921964,5546256.752065695,5741170.566587395,5453946.967286783,11092513.50413139,11482341.13317479,10907893.934573568,-0.0251950076645925
mojo,virtual_analog_oscillators,run,vec,double,O3,48000,64,1,2,50,122750,1000,2.237162999999782,18225.360488796596,17779.4348517528,18549.27302081938,769.8381690665774,4.223994195010895,284.7712576374468,142.3856288187234,3511590.349027212,3599664.473794593,3450269.9878408993,7023180.6980544245,7199328.947589186,6900539.9756817985,-0.0048771195079098
mojo,virtual_analog_oscillators,run,vec,single,O3,48000,64,1,2,50,123450,1000,2.1866209999989223,17712.6042932274,17385.25269319029,18072.799999208655,687.5473060183649,3.881683882483932,276.7594420816781,138.37972104083906,3613246.191271324,3681280.9758622865,3541233.2346289637,7226492.382542648,7362561.951724573,7082466.4692579275,-0.0006434421325138
